orderId,app,repo,repoAge,forks,stars,openIssues,closedIssues,totalIssues,AvgIssueCloseTime,commits,daysOfActivity,contributors,committersParticipation
1,io.github.hidroh.materialistic,hidroh/materialistic,1133,349,1504,119,938,1057,9.436.034.115.138.590,1686,1124,10,[2; 1; 1; 3; 1645; 2; 1; 28; 1; 1; 1]
2,io.github.gsantner.memetastic,gsantner/memetastic,353,48,56,15,75,90,6.333.333.333.333.330,171,335,19,[2; 2; 2; 4; 5; 1; 2; 134; 1; 1; 1; 1; 3; 1; 3; 1; 3; 1; 3]
3,com.workingagenda.democracydroid,fenimore/DemocracyDroid,1133,1,7,8,37,45,32.0,415,1076,2,[388; 4; 23]
4,com.todobom.opennotescanner,ctodobom/OpenNoteScanner,749,111,358,26,73,99,12.893.150.684.931.500,164,677,14,[1; 1; 1; 1; 1; 137; 9; 2; 1; 1; 1; 4; 1; 1; 2]
5,io.gresse.hugo.anecdote,HugoGresse/Anecdote,745,12,23,10,52,62,1.226.923.076.923.070,296,717,4,[19; 1; 275; 1]
6,com.greenaddress.abcore,greenaddress/abcore,783,18,40,9,38,47,6.023.684.210.526.310,205,698,3,[3; 200; 2]
7,com.mkulesh.micromath.plus,mkulesh/microMathematics,213,17,92,13,49,62,1.336.734.693.877.550,411,212,6,[1; 1; 366; 1; 6; 12; 24]
8,com.orpheusdroid.screenrecorder,vijai1996/screenrecorder,501,31,52,11,31,42,25.483.870.967.741.900,166,442,4,[1; 2; 161; 2]
9,net.gsantner.markor,gsantner/markor,186,44,122,28,165,193,4.987.878.787.878.780,562,184,40,[4; 2; 1; 3; 1; 5; 1; 1; 91; 213; 5; 5; 4; 2; 4; 5; 1; 2; 2; 2; 1; 1; 12; 11; 5; 1; 10; 2; 1; 1; 10; 1; 1; 3; 1; 2; 115; 3; 2; 1; 24]
10,org.secuso.privacyfriendlyactivitytracker,SecUSo/privacy-friendly-pedometer,670,19,36,15,47,62,9.838.297.872.340.420,259,615,8,[2; 9; 2; 2; 56; 1; 3; 184]
11,com.philliphsu.clock2,philliphsu/ClockPlus,523,51,169,39,8,47,42.75,485,168,2,[482; 3]
12,com.a5corp.weather,Sparker0i/Weather,611,21,26,9,29,38,8.275.862.068.965.510,656,588,2,[1; 641; 14]
13,link.standen.michael.slideshow,ScreamingHawk/android-slideshow,393,28,12,17,90,107,1.128.888.888.888.880,288,379,18,[1; 7; 1; 6; 1; 4; 2; 3; 1; 1; 2; 4; 4; 4; 18; 3; 2; 223; 1]
14,org.openintents.notepad,openintents/notepad,2126,42,33,14,21,35,14.095.238.095.238.000,165,1746,8,[51; 3; 90; 1; 1; 5; 5; 9]
15,com.jtmcn.archwiki.viewer,jtmcn/archwiki-viewer,1984,11,32,9,41,50,19.804.878.048.780.400,92,1761,7,[1; 1; 3; 42; 1; 4; 1; 39]
16,org.jfet.batsHIIT,kwantam/batsHIIT,1676,5,4,2,2,4,0.0,17,1596,2,[1; 16]
17,fr.free.nrw.commons,commons-app/apps-android-commons,905,295,186,267,960,1227,29.636.458.333.333.300,3231,905,95,[6; 8; 1; 2; 20; 2; 9; 1; 25; 14; 381; 157; 4; 18; 87; 130; 1; 4; 1; 1; 8; 2; 2; 148; 77; 1; 1; 96; 4; 3; 2; 1; 2; 66; 1; 5; 1371; 5; 5; 1; 1; 1; 2; 3; 1; 3; 6; 3; 3; 1; 1; 4; 13; 1; 9; 3; 1; 3; 2; 94; 19; 2; 1; 22; 4; 18; 17; 2; 2; 1; 1; 1; 28; 3; 134; 58; 24; 4; 2; 9; 1; 1; 2; 5; 1; 1; 6; 1; 2; 2; 2; 3; 3; 2; 12; 7]
18,uk.co.keepawayfromfire.screens,Cj-Malone/Screens,461,6,9,1,2,3,2.0,93,352,2,[92; 1]
19,com.marceljurtz.lifecounter,MarcelJurtz/MTG_LifeCounter,311,1,2,13,11,24,8.909.090.909.090.900,183,289,1,[164; 19]
20,net.opendasharchive.openarchive.release,OpenArchive/openarchive,1079,4,24,31,25,56,38.52,215,1038,6,[2; 2; 32; 47; 131; 1]
21,org.transdroid.lite,erickok/transdroid,1705,136,605,68,358,426,6.892.178.770.949.720,560,1700,27,[1; 1; 4; 1; 1; 31; 5; 17; 2; 1; 1; 2; 2; 1; 1; 5; 1; 2; 1; 2; 1; 465; 1; 1; 6; 1; 2; 1]
22,us.koller.cameraroll,kollerlukas/Camera-Roll-Android-App,419,49,267,40,101,141,11.009.900.990.099.000,313,369,9,[295; 1; 1; 6; 2; 2; 2; 3; 1]
23,de.tap.easy_xkcd,T-Rex96/Easy_xkcd,951,23,81,20,105,125,13.561.904.761.904.700,575,883,13,[539; 1; 1; 3; 1; 5; 8; 2; 3; 7; 2; 1; 1; 1]
24,de.tobiasbielefeld.brickgames,TobiasBielefeld/Simple-Brick-Games,471,12,19,0,10,10,8.9,51,329,5,[5; 1; 8; 34; 3]
25,org.openobservatory.ooniprobe,TheTorProject/ooniprobe-android,1078,18,38,35,107,142,21.364.485.981.308.400,415,1053,8,[1; 4; 1; 1; 27; 302; 1; 78]
26,io.mrarm.irc,MCMrARM/revolution-irc,192,9,73,73,36,109,7.611.111.111.111.110,623,118,1,[623]
27,org.shadowice.flocke.andotp,andOTP/andOTP,238,20,245,12,129,141,9.054.263.565.891.470,531,237,10,[374; 3; 2; 3; 65; 2; 1; 2; 3; 76]
28,org.asdtm.fas,qqq3/inventum,415,2,11,6,3,9,3.0,36,19,3,[29; 6; 1]
29,ru.henridellal.emerald,HenriDellal/emerald,166,8,23,23,31,54,13.806.451.612.903.200,91,166,6,[1; 61; 1; 1; 26; 1]
30,com.tengu.sharetoclipboard,tengusw/share_to_clipboard,1142,13,40,1,17,18,26.470.588.235.294.100,123,1042,13,[1; 61; 1; 1; 2; 1; 1; 2; 1; 1; 2; 1; 47; 1]
31,de.arnefeil.bewegungsmelder,arnef/bewegungsmelder-android,1587,3,3,3,12,15,114.25,41,1470,3,[4; 5; 9; 23]
32,org.secuso.privacyfriendlyyahtzeedicer,SecUSo/privacy-friendly-dice-game,769,4,4,0,9,9,12.755.555.555.555.500,111,714,3,[2; 108; 1]
33,com.itds.sms.ping,itds-consulting/android-silent-ping-sms,699,28,59,3,14,17,39.142.857.142.857.100,23,640,4,[1; 1; 20; 1]
34,org.pixmob.freemobile.netstat,gilbsgilbs/freemobilenetstat,539,2,3,28,0,28,0.0,1726,270,35,[1; 4; 1152; 1; 1; 1; 1; 1; 4; 1; 1; 1; 1; 3; 3; 42; 1; 2; 2; 1; 2; 1; 2; 1; 303; 1; 1; 1; 1; 95; 1; 2; 67; 21; 2; 1]
35,com.biglybt.android.client,BiglySoftware/BiglyBT-Android,196,7,23,18,35,53,5.314.285.714.285.710,739,180,5,[1; 1; 710; 26; 1]
36,org.emunix.unipatcher,btimofeev/UniPatcher,518,2,15,6,8,14,13625,165,435,2,[5; 160]
37,ohi.andre.consolelauncher,Andre1299/TUI-ConsoleLauncher,657,86,300,23,131,154,975.114.503.816.794,165,642,3,[4; 156; 1; 4]
38,com.dosse.chromiumautoupdater,adolfintel/chromiumUpdater,488,10,37,2,20,22,05.05,38,460,5,[2; 1; 32; 2; 1]
39,com.termux,termux/termux-app,859,249,2093,192,404,596,28.207.920.792.079.200,409,837,12,[1; 1; 1; 392; 1; 1; 4; 1; 2; 2; 1; 2]
40,com.tananaev.logcat,tananaev/rootless-logcat,614,9,29,3,10,13,0.7,73,574,4,[46; 1; 24; 1; 1]
41,es.esy.CosyDVR,sergstetsuk/CosyDVR,1702,13,24,16,19,35,14.826.315.789.473.600,112,1680,8,[1; 1; 2; 1; 1; 1; 1; 104]
42,ca.rmen.android.networkmonitor,caarmen/network-monitor,1747,13,28,8,99,107,2.631.313.131.313.130,949,1646,6,[2; 3; 4; 13; 14; 913]
43,com.termux.styling,termux/termux-styling,801,21,74,6,24,30,27125,84,711,4,[79; 1; 2; 2]
44,com.bmco.cratesiounofficial,TheUberCatman/crates-io-android,104,2,4,2,0,2,0.0,34,7,1,[4; 30]
45,de.j4velin.pedometer,j4velin/Pedometer,1557,479,966,14,102,116,7.512.745.098.039.210,438,1466,23,[3; 4; 1; 1; 1; 372; 4; 1; 1; 13; 14; 1; 1; 1; 1; 1; 2; 2; 1; 9; 1; 1; 1; 1]
46,au.id.micolous.farebot,micolous/metrodroid,971,4,40,3,37,40,36.567.567.567.567.500,646,969,27,[1; 4; 28; 5; 1; 1; 12; 1; 4; 1; 1; 3; 109; 1; 41; 1; 9; 1; 4; 376; 1; 16; 1; 1; 1; 4; 17; 1]
47,com.wbrenna.gtfsoffline,wbrenna/GTFSOffline,1539,4,13,5,17,22,6.747.058.823.529.410,76,1204,2,[1; 75]
48,ca.rmen.nounours,caarmen/nounours-android,885,3,0,5,14,19,27.142.857.142.857.100,383,688,2,[1; 103; 279]
49,ws.xsoh.etar,Etar-Group/Etar-Calendar,908,156,367,105,203,308,5.324.630.541.871.920,5589,895,71,[4; 1; 1; 1; 6; 2; 4; 28; 4; 1; 1; 8; 3; 1; 1; 3; 1; 1; 2; 1; 8; 1; 1; 63; 1; 1; 6; 5; 1; 1; 14; 4; 4; 1; 4269; 2; 1; 28; 2; 1; 1; 2; 3; 1; 50; 1; 4; 11; 859; 3; 1; 1; 4; 1; 1; 60; 2; 2; 1; 2; 2; 1; 1; 47; 1; 1; 16; 15; 1; 1; 1; 4]
50,net.mabako.steamgifts,SteamGifts/SteamGifts,792,14,36,10,53,63,20.150.943.396.226.400,610,674,4,[603; 3; 1; 2; 1]
51,com.pcinpact,AnaelMobilia/NextINpact-Unofficial,1536,4,6,8,228,236,8.333.333.333.333.330,1001,1428,4,[2; 1; 986; 12]
52,de.baumann.hhsmoodle,scoute-dich/HHSMoodle,568,4,5,1,0,1,0.0,169,389,1,[138; 31]
53,com.digitalfishfun.openshift,joonatoona/OpenShift,257,0,6,0,2,2,0.0,14,12,1,[14]
54,com.manichord.mgit,maks/MGit,502,38,164,144,117,261,27.752.136.752.136.700,562,499,41,[2; 2; 1; 6; 1; 3; 1; 7; 1; 15; 1; 182; 7; 4; 1; 2; 1; 2; 1; 2; 1; 1; 10; 3; 1; 1; 4; 1; 1; 4; 7; 1; 1; 204; 1; 37; 4; 1; 27; 2; 6; 2]
55,info.meoblast001.thugaim,meoblast001/thugaim,1571,3,5,2,3,5,6.666.666.666.666.660,119,1162,3,[2; 116; 1]
56,com.tortel.syslog,Tortel/SysLog,1945,27,50,8,13,21,9.076.923.076.923.070,227,1896,2,[226; 1]
57,ca.cmetcalfe.locationshare,pR0Ps/LocationShare,1798,14,23,2,22,24,3.591.363.636.363.630,39,1788,2,[35; 1; 3]
58,com.dftec.planetcon,dftec-es/planetcon,357,2,4,2,4,6,34.5,11,118,3,[1; 1; 9]
59,saschpe.contactevents,saschpe/BirthdayCalendar,467,14,43,4,3,7,5.333.333.333.333.330,199,445,1,[199]
60,com.llamacorp.equate,EvanRespaut/Equate,1405,9,28,13,17,30,1.622.941.176.470.580,390,1220,2,[1; 5; 384]
61,com.alaskalinuxuser.hourglass,alaskalinuxuser/app_hourglass,364,2,2,1,6,7,11.666.666.666.666.600,11,288,2,[1; 10]
62,fr.neamar.kiss,Neamar/KISS,1974,291,795,75,788,863,4.902.030.456.852.790,2388,1974,93,[2; 1; 3; 2; 2; 82; 27; 1; 1; 28; 11; 2; 17; 5; 1; 3; 2; 1; 2; 1; 1; 2; 1; 2; 1; 5; 26; 16; 4; 14; 60; 1; 1; 2; 2; 2; 202; 3; 3; 5; 27; 25; 1; 1; 6; 4; 1; 19; 10; 2; 3; 28; 16; 133; 14; 1; 5; 1; 6; 2; 3; 2; 4; 5; 22; 2; 2; 53; 4; 15; 46; 32; 48; 1; 1177; 3; 1; 2; 1; 2; 6; 3; 1; 2; 3; 5; 17; 1; 2; 2; 55; 1; 6; 7]
63,org.asdtm.goodweather,qqq3/good-weather,831,43,101,16,28,44,33.285.714.285.714.200,727,796,23,[2; 4; 2; 8; 1; 3; 4; 2; 3; 3; 3; 2; 3; 2; 1; 2; 649; 11; 1; 3; 3; 2; 7; 6]
64,me.tripsit.tripmobile,TripSit/tripmobile,1199,4,8,13,30,43,22.466.666.666.666.600,324,839,5,[290; 1; 1; 1; 20; 11]
65,org.y20k.transistor,y20k/transistor,881,44,98,14,159,173,2.867.295.597.484.270,740,876,29,[1; 5; 6; 61; 3; 18; 3; 5; 21; 2; 3; 1; 3; 1; 26; 26; 2; 441; 14; 19; 4; 1; 1; 1; 15; 9; 14; 11; 21; 2]
66,com.geecko.QuickLyric,geecko86/QuickLyric,1445,94,279,24,212,236,4.272.641.509.433.960,979,1396,9,[1; 956; 7; 2; 1; 5; 1; 1; 1; 4]
67,org.hwyl.sexytopo,richsmith/sexytopo,1188,6,7,24,15,39,4.386.666.666.666.660,242,1172,2,[10; 232]
68,com.icechen1.notable.pro,icechen1/Notable,1741,18,45,11,8,19,3375,26,1470,5,[1; 16; 3; 5; 1]
69,com.quaap.fishberserker,quaap/SeafoodBerserker,228,5,9,7,6,13,12.166.666.666.666.600,107,112,5,[3; 1; 1; 101; 1]
70,org.gittner.osmbugs,Gittner/OSMBugs,1706,2,7,4,12,16,12.116.666.666.666.600,245,1554,1,[226; 19]
71,com.health.openscale,oliexdev/openScale,1173,53,162,7,202,209,5.445.544.554.455.440,761,1172,22,[2; 512; 1; 167; 1; 7; 1; 1; 9; 8; 3; 1; 5; 6; 3; 1; 1; 3; 2; 20; 3; 1; 3]
72,com.termux.widget,termux/termux-widget,801,14,51,12,8,20,37625,40,706,1,[40]
73,info.guardianproject.ripple,guardianproject/ripple,853,10,45,2,4,6,0.5,87,743,1,[87]
74,com.termux.window,termux/termux-float,329,4,21,6,6,12,6.333.333.333.333.330,16,216,1,[16]
75,org.toulibre.capitoledulibre,capitoledulibre/cdl-companion-android,851,1,1,1,1,2,2.0,358,746,3,[1; 10; 57; 290]
76,net.mypapit.mobile.myposition,gjedeer/mylocation,841,4,9,6,8,14,97.25,31,588,2,[19; 1; 11]
77,privacyfriendlyshoppinglist.secuso.org.privacyfriendlyshoppinglist,SecUSo/privacy-friendly-shopping-list,670,15,26,21,30,51,11.533.333.333.333.300,402,615,6,[2; 36; 1; 6; 282; 1; 74]
78,com.kanedias.vanilla.coverfetch,vanilla-music/vanilla-music-cover-fetch,385,2,5,0,7,7,35.0,25,305,4,[1; 1; 22; 1]
79,com.fsck.k9.material,scoute-dich/K9-MailClient,599,24,108,0,0,0,0,53,537,8,[1; 1; 1; 27; 1; 1; 2; 14; 5]
80,com.veniosg.dir,veniosg/Dir,2119,29,136,30,85,115,78.0,814,2101,11,[1; 568; 49; 4; 1; 155; 1; 4; 10; 4; 1; 16]
81,com.greenaddress.greenbits_android_wallet,greenaddress/GreenBits,1133,39,55,25,280,305,10.560.714.285.714.200,1775,1059,12,[1; 6; 819; 14; 13; 1; 838; 2; 45; 2; 3; 8; 23]
82,org.flyve.inventory.agent,flyve-mdm/android-inventory-agent/,251,8,16,16,125,141,11072,519,221,9,[2; 1; 30; 2; 20; 60; 46; 328; 2; 27; 1]
83,org.voidsink.anewjkuapp,marunjar/anewjkuapp,1397,4,7,17,107,124,3.809.345.794.392.520,966,1383,3,[7; 1; 2; 956]
84,in.blogspot.anselmbros.torchie,anselm94/Torchie-Android,758,19,26,11,12,23,9.883.333.333.333.330,135,658,7,[1; 2; 119; 1; 8; 1; 1; 2]
85,com.wangdaye.mysplash,WangDaYeeeeee/Mysplash,590,95,489,36,25,61,28.64,167,576,3,[1; 165; 1]
86,de.hampager.dapnetmobile,DecentralizedAmateurPagingNetwork/DAPNETApp,295,3,10,7,51,58,33.254.901.960.784.300,153,288,4,[2; 1; 139; 10; 1]
87,de.szalkowski.activitylauncher,butzist/ActivityLauncher,1471,8,17,4,3,7,113.0,49,1192,4,[35; 1; 11; 1; 1]
88,italian.said.fran.theitaliansaid,francescosoave/TIS_android,233,1,4,1,1,2,0.0,16,12,1,[16]
89,tranquvis.simplesmsremote,tranquvis/SimpleSmsRemote,549,9,17,15,5,20,17.2,245,513,2,[1; 223; 21]
90,com.notecryptpro,RyuzakiKK/NoteCrypt,373,7,11,4,3,7,3.333.333.333.333.330,13,46,3,[1; 11; 1]
91,com.hasi.hasid00r,h42i/d00r-app,1242,3,6,0,2,2,5.5,8,1183,4,[5; 1; 1; 1]
92,de.westnordost.streetcomplete,westnordost/StreetComplete,606,77,865,104,818,922,1.875.427.872.860.630,1045,604,26,[10; 2; 1; 1; 1; 2; 18; 59; 3; 1; 2; 16; 2; 1; 1; 32; 2; 14; 12; 1; 1; 13; 3; 1; 843; 2; 1]
93,at.linuxtage.companion,linuxtage/glt-companion,1079,1,4,3,3,6,0.0,316,747,4,[1; 29; 2; 4; 280]
94,me.tsukanov.counter,gentlecat/Simple-Counter/,2220,24,45,10,40,50,203.05,206,2190,5,[3; 1; 199; 1; 2]
95,org.thosp.yourlocalweather,thuryn/your-local-weather,52,2,6,15,13,28,7.384.615.384.615.380,96,48,9,[4; 3; 11; 5; 6; 59; 2; 4; 1; 1]
96,btools.routingapp,abrensch/brouter,1506,32,78,33,64,97,7.140.625,250,1420,9,[1; 1; 3; 15; 3; 26; 1; 193; 5; 2]
97,ch.logixisland.anuto,reloZid/android-anuto,1092,33,93,19,97,116,5.276.288.659.793.810,720,980,25,[39; 3; 3; 1; 2; 9; 3; 1; 11; 2; 1; 1; 5; 1; 1; 5; 1; 1; 4; 470; 150; 1; 1; 1; 1; 2]
98,com.vrem.wifianalyzer,VREMSoftwareDevelopment/WifiAnalyzer,811,206,495,13,140,153,18.742.857.142.857.100,1049,766,15,[2; 2; 3; 1; 4; 5; 6; 7; 1004; 3; 2; 1; 2; 2; 1; 4]
99,org.domogik.domodroid13,domogik/domodroid,1713,4,11,59,105,164,5.223.809.523.809.520,2002,1488,3,[1; 1; 1667; 333]
100,com.mikifus.padland,mikifus/padland,1138,9,20,7,39,46,22.641.025.641.025.600,181,1084,4,[11; 4; 161; 4; 1]
101,com.sensirion.smartgadget,Sensirion/SmartGadget-Android,1035,7,18,5,40,45,41.35,149,986,7,[3; 1; 2; 8; 17; 41; 51; 26]
102,de.tobiasbielefeld.solitaire,TobiasBielefeld/Simple-Solitaire,488,25,44,10,96,106,528.125,593,459,11,[6; 1; 17; 1; 6; 2; 114; 1; 5; 2; 436; 2]
103,com.cityfreqs.littlesirecho,kaputnikGo/LittleSirEcho,803,2,0,3,0,3,0.0,10,390,1,[5; 5]
104,ru.meefik.busybox,meefik/busybox,877,61,186,26,32,58,4.953.125,95,875,8,[1; 1; 3; 76; 1; 5; 2; 5; 1]
105,org.sufficientlysecure.ical,SufficientlySecure/calendar-import-export,2044,12,28,22,49,71,23.226.530.612.244.800,296,1889,4,[77; 206; 7; 3; 3]
106,com.kanedias.vanilla.audiotag,vanilla-music/vanilla-music-tag-editor,521,2,5,1,18,19,4.255.555.555.555.550,38,416,3,[1; 36; 1]
107,org.openintents.shopping,openintents/shoppinglist,2113,40,47,19,37,56,1.813.783.783.783.780,491,1993,6,[121; 6; 2; 143; 200; 2; 17]
108,kiwi.root.an2linuxclient,rootkiwi/an2linuxclient,421,12,117,5,6,11,83.5,47,378,2,[1; 46]
109,com.mde.potdroid,janoliver/pOT-Droid,2246,5,22,30,261,291,8.037.547.892.720.300,582,1943,2,[573; 9]
110,de.saschahlusiak.freebloks,shlusiak/Freebloks-Android,2147,15,10,6,9,15,7.622.222.222.222.220,981,2127,7,[1; 1; 4; 5; 1; 967; 2]
111,de.reimardoeffinger.quickdic,rdoeffinger/Dictionary,923,33,72,30,57,87,3.787.719.298.245.610,607,922,11,[4; 1; 1; 1; 5; 1; 342; 14; 2; 227; 1; 8]
112,protect.rentalcalc,brarcher/rental-calc,349,4,4,0,39,39,7.692.307.692.307.690,168,314,2,[162; 6]
113,com.samebits.beacon.locator,vitas/beaconloc,803,14,35,10,11,21,4.009.090.909.090.900,71,680,2,[1; 70]
114,com.dimtion.shaarlier,dimtion/Shaarlier,1105,6,43,10,22,32,5.145.454.545.454.540,147,871,4,[1; 1; 1; 144]
115,pl.hypeapp.endoscope,hypeapps/Endoscope,603,111,347,17,14,31,34.357.142.857.142.800,101,399,5,[92; 2; 1; 3; 1; 2]
116,com.quaap.phonefonefun,quaap/PhoneFoneFun,239,1,2,1,1,2,14.0,10,10,1,[10]
117,me.ccrama.redditslide,ccrama/Slide,880,204,852,153,2514,2667,16.261.336.515.513.100,3469,880,61,[1; 6; 6; 303; 1; 44; 5; 26; 1; 153; 11; 32; 5; 4; 3; 1; 3; 2; 11; 1; 13; 7; 1; 1; 2; 1; 2; 57; 3; 6; 2; 1; 15; 33; 1; 201; 34; 6; 4; 3; 2; 7; 1; 1; 3; 19; 1; 1; 1; 1; 8; 1; 1; 6; 1; 13; 3; 1; 4; 2343; 35; 4]
118,com.afollestad.nocknock,afollestad/nock-nock,578,37,170,9,7,16,22.857.142.857.142.800,52,524,4,[49; 1; 1; 1]
119,de.c3nav.droid,raphaelm/c3nav-android/,806,2,11,0,12,12,12.108.333.333.333.300,76,740,3,[10; 63; 3]
120,fr.unix_experience.owncloud_sms,nerzhul/ownCloud-SMS-App,1237,23,59,19,164,183,43.0,530,1235,15,[1; 5; 2; 337; 1; 2; 4; 4; 1; 6; 1; 1; 141; 8; 16]
121,com.aragaer.jtt,aragaer/jtt_android,2247,4,4,7,16,23,171625,572,2006,2,[62; 507; 3]
122,openfoodfacts.github.scrachx.openfood,openfoodfacts/openfoodfacts-androidapp,1028,116,110,298,689,987,47.522.496.371.552.900,4211,1028,37,[204; 1; 27; 1; 10; 1; 3; 1; 1; 4; 2; 7; 11; 1; 3; 5; 9; 5; 1; 153; 6; 3; 6; 6; 1; 22; 3; 1; 1; 7; 1; 69; 1; 1; 3612; 5; 10; 6]
123,im.vector.alpha,vector-im/riot-android,803,196,528,724,1297,2021,1.769.313.801.079.410,4391,791,100,[1; 32; 2; 44; 3; 22; 1; 1; 2; 1; 6; 1; 1; 16; 1; 1; 1; 4; 3; 1; 10; 1; 2906; 230; 5; 1; 8; 2; 6; 1; 1; 4; 1; 5; 1; 2; 2; 7; 1; 1; 6; 1; 1; 2; 4; 1; 5; 2; 1; 1; 2; 6; 9; 1; 5; 1; 2; 3; 1; 1; 2; 3; 1; 50; 1; 8; 501; 1; 1; 1; 5; 3; 1; 1; 2; 14; 1; 1; 4; 4; 69; 2; 4; 2; 19; 2; 1; 1; 1; 1; 1; 1; 4; 1; 1; 6; 6; 243; 23; 3; 1]
124,link.standen.michael.fatesheets,ScreamingHawk/fate-sheets,329,4,3,8,21,29,6.0,155,88,3,[2; 4; 149]
125,com.termux.tasker,termux/termux-tasker,464,10,28,4,8,12,82.5,21,346,2,[1; 20]
126,se.embargo.retroboy,mikljohansson/retroboy,975,5,13,2,1,3,0.0,186,832,2,[2; 167; 17]
127,com.vuze.android.remote,vuze/vuze-remote-for-android,1146,5,6,1,1,2,3.0,41,762,0,[41]
128,com.genonbeta.TrebleShot,genonbeta/TrebleShot,658,18,61,13,21,34,48.333.333.333.333.300,361,655,10,[260; 31; 8; 4; 14; 8; 18; 1; 4; 9; 4]
129,ro.ciubex.dscautorename,ciubex/dscautorename,1070,4,3,0,6,6,18.216.666.666.666.600,161,1058,9,[2; 4; 100; 1; 2; 34; 4; 10; 1; 3]
130,com.kanedias.vanilla.lyrics,vanilla-music/vanilla-music-lyrics-search,519,3,7,0,8,8,32625,26,428,3,[1; 24; 1]
131,org.y20k.trackbook,y20k/trackbook,548,10,23,7,25,32,29.64,172,547,8,[2; 140; 7; 9; 1; 2; 1; 2; 8]
132,fr.gouv.etalab.mastodon,stom79/mastalab,128,13,50,29,314,343,178.343.949.044.586,3168,128,7,[231; 7; 2; 2; 2924; 1; 1]
133,com.quaap.bookymcbookface,quaap/BookyMcBookface,161,8,8,9,1,10,0.0,124,19,1,[124]
134,com.nextcloud.client,nextcloud/android,631,344,630,514,1733,2247,4.157.703.404.500.860,9866,631,81,[120; 3; 701; 1674; 5; 1; 5; 2; 4; 2; 10; 49; 8; 2; 341; 5; 4; 1; 1; 48; 11; 10; 10; 1; 1; 20; 1; 2; 875; 235; 6; 6; 1; 10; 73; 3; 3; 4; 1; 1; 2; 1; 1331; 2; 107; 2; 1; 8; 2; 66; 3; 1; 12; 1; 1; 1854; 7; 18; 74; 2; 7; 33; 1; 1; 3; 1501; 4; 6; 11; 7; 2; 1; 3; 1; 2; 503; 1; 3; 3; 9; 1; 8]
135,de.digisocken.anotherrss,no-go/AnotherRSS,222,2,5,6,13,19,2.076.923.076.923.070,26,221,2,[1; 24; 1]
136,axp.tool.apkextractor,axxapy/apkExtractor,1080,15,37,7,8,15,183625,36,968,4,[30; 1; 4; 1]
137,com.rascarlo.aurdroid,rascarlo/AURdroid,273,8,28,0,1,1,6.0,35,229,1,[35]
138,uk.co.busydoingnothing.prevo,bpeel/prevo,1036,2,14,2,2,4,17.5,206,1007,1,[206]
139,de.baumann.weather,scoute-dich/Weather,726,7,15,1,14,15,32.357.142.857.142.800,105,527,2,[55; 7; 43]
140,click.dummer.textthing,no-go/TextThing,606,7,11,0,0,0,0,41,487,3,[2; 4; 34; 1]
141,jp.takke.datastats,takke/DataStats,1115,8,18,12,13,25,9.0,99,941,3,[1; 97; 1]
142,io.trezor.app,trezor/trezor-android,1414,16,39,5,25,30,85.88,49,1360,2,[35; 14]
143,com.gunshippenguin.openflood,GunshipPenguin/open_flood,773,31,50,3,32,35,2.403.125,138,745,8,[1; 1; 2; 1; 9; 121; 2; 1]
144,com.cgogolin.library,cgogolin/library,1505,5,7,2,4,6,107.25,90,1450,3,[1; 38; 50; 1]
145,com.angryburg.uapp,nilesr/United4,192,4,9,3,4,7,5.75,185,160,2,[2; 183]
146,com.tttdevs.stncbookmarks,TTTDevs/NextCloudBookmarksAndroid,328,1,8,4,1,5,0.0,16,25,1,[1; 15]
147,io.github.tjg1.nori,tjg1/nori,1715,16,50,28,91,119,26.912.087.912.087.900,554,1494,8,[1; 6; 530; 1; 9; 2; 1; 2; 1; 1]
148,com.metinkale.prayer,metinkale38/namaz-vakti-android,790,42,52,4,103,107,27.776.699.029.126.200,369,785,4,[364; 1; 3; 1]
149,org.secuso.privacyfriendlymemory,SecUSo/privacy-friendly-memo-game,665,11,9,12,12,24,10.716.666.666.666.600,92,610,6,[2; 34; 49; 1; 4; 1; 1]
150,com.goltzkiste.guessaday,mo271/guessaday,1842,1,3,0,2,2,461.0,25,1765,2,[1; 22; 2]
151,org.schabi.nxbookmarks,theScrabi/OCBookmarks,209,7,26,9,7,16,7.142.857.142.857.140,68,189,6,[2; 1; 2; 1; 1; 61]
152,souch.smp,souch/SMP,1154,6,27,8,27,35,2.648.148.148.148.140,260,1127,5,[2; 3; 249; 3; 1; 2]
153,org.secuso.privacyfriendlypasswordgenerator,SecUSo/privacy-friendly-passwordgenerator,470,3,8,11,10,21,5.1,275,408,2,[273; 1; 1]
154,org.schabi.terminightor,theScrabi/Terminightor,863,5,29,5,7,12,6.285.714.285.714.280,50,652,3,[2; 2; 46]
155,info.aario.killcamera,aario/killcamera,350,0,2,2,0,2,0.0,14,0,1,[14]
156,org.gateshipone.odyssey,gateship-one/odyssey,760,23,68,31,107,138,3.691.588.785.046.720,1022,759,8,[602; 8; 5; 1; 398; 3; 3; 1; 1]
157,com.owncloud.android.beta,owncloud/android/,2013,2622,2420,365,1761,2126,10.321.294.718.909.700,6374,2012,60,[119; 3; 997; 1974; 1; 2; 1; 1; 4; 2; 4; 10; 1; 24; 8; 355; 5; 424; 1; 10; 1; 1; 43; 191; 1; 73; 4; 2; 2; 1; 1165; 2; 112; 1; 8; 2; 68; 2; 3; 13; 4; 1; 1; 390; 2; 1; 74; 6; 1; 3; 215; 6; 7; 3; 2; 1; 9; 2; 1; 3; 1]
158,com.joshtwigg.cmus.droid,jatwigg/cmus-android-remote,1486,6,6,7,1,8,30.0,45,54,1,[45]
159,org.proninyaroslav.libretorrent,proninyaroslav/libretorrent,497,102,498,25,137,162,58.627.737.226.277.300,317,475,20,[1; 9; 235; 8; 1; 1; 2; 2; 5; 7; 2; 3; 1; 4; 21; 2; 3; 1; 5; 2; 2]
160,it.niedermann.owncloud.notes,stefan-niedermann/nextcloud-notes,880,35,153,61,279,340,4.734.767.025.089.600,355,880,20,[6; 5; 61; 7; 192; 1; 6; 1; 1; 1; 1; 4; 1; 1; 1; 2; 1; 1; 3; 46; 13]
161,de.chaosdorf.meteroid,chaosdorf/meteroid,1744,6,5,4,10,14,298.3,231,1741,6,[1; 1; 84; 3; 138; 3; 1]
162,org.jsl.shmp,js-labs/ShellsMP,506,1,3,0,0,0,0.0,40,365,1,[40]
163,org.secuso.privacyfriendlysudoku,SecUSo/privacy-friendly-sudoku,845,17,25,18,25,43,87.72,207,811,8,[1; 1; 1; 50; 1; 39; 112; 2]
164,com.vackosar.searchbasedlauncher,vackosar/search-based-launcher/,1879,15,33,11,46,57,8.882.608.695.652.170,255,1479,3,[60; 188; 5; 2]
165,protect.card_locker,brarcher/loyalty-card-locker,759,22,50,16,198,214,15.328.282.828.282.800,378,758,7,[2; 10; 2; 2; 1; 2; 298; 61]
166,io.github.powerinside.syncplay,PowerInside/syncplayer,297,3,6,2,4,6,4.0,40,147,1,[39; 1]
167,com.app.missednotificationsreminder,httpdispatch/MissedNotificationsReminder,840,7,19,10,17,27,9.270.588.235.294.110,54,790,3,[4; 1; 49]
168,it.rignanese.leo.slimfacebook,rignaneseleo/SlimSocial-for-Facebook,839,40,81,5,45,50,4.686.666.666.666.660,156,831,9,[112; 1; 2; 2; 1; 1; 3; 10; 23; 1]
169,org.xbmc.kore,xbmc/Kore,1141,182,271,91,423,514,423.758.865.248.227,670,1139,59,[1; 2; 15; 1; 1; 4; 4; 8; 1; 2; 1; 1; 3; 1; 6; 1; 1; 2; 1; 1; 1; 1; 2; 1; 1; 2; 1; 13; 9; 1; 1; 1; 9; 4; 1; 1; 2; 105; 4; 3; 1; 8; 2; 4; 2; 1; 7; 1; 7; 16; 3; 380; 1; 1; 1; 1; 1; 2; 10; 1]
170,info.schnatterer.nusic,schnatterer/nusic,1641,3,13,5,10,15,27.8,655,1617,3,[1; 651; 3]
171,net.tjado.passwdsafe,tejado/Authorizer,517,7,46,4,5,9,90.2,1304,324,4,[37; 1; 1252; 5; 9]
172,com.cityzen.cityzen,CityZenApp/Android-Development,232,16,34,36,26,62,3.630.769.230.769.230,44,231,7,[1; 3; 1; 10; 1; 22; 6]
173,simple.reboot.com,franciscofranco/Simple-Reboot-app,1164,12,35,6,3,9,0.0,16,782,1,[15; 1]
174,pw.thedrhax.mosmetro,mosmetro-android/mosmetro-android,759,20,141,17,181,198,23.093.922.651.933.700,980,747,6,[11; 2; 950; 11; 1; 4; 1]
175,com.twistedplane.sealnote,vishesh/sealnote,1121,31,58,36,32,68,5.703.125,337,1117,9,[1; 1; 301; 11; 11; 7; 2; 1; 1; 1]
176,org.openpetfoodfacts.scanner,openfoodfacts/openfoodfacts-androidapp,1028,116,110,298,689,987,47.522.496.371.552.900,4211,1028,37,[204; 1; 27; 1; 10; 1; 3; 1; 1; 4; 2; 7; 11; 1; 3; 5; 9; 5; 1; 153; 6; 3; 6; 6; 1; 22; 3; 1; 1; 7; 1; 69; 1; 1; 3612; 5; 10; 6]
177,jp.forkhub,jonan/ForkHub,1231,186,2282,128,215,343,60.093.023.255.813.900,2841,1208,95,[8; 1; 1; 1; 1; 1; 1; 1; 3; 1; 1; 1; 2; 1; 4; 1; 1; 1990; 5; 1; 6; 1; 1; 1; 1; 1; 1; 1; 2; 1; 1; 1; 5; 10; 1; 1; 2; 2; 1; 1; 1; 1; 1; 1; 1; 1; 50; 1; 1; 1; 1; 396; 1; 1; 1; 3; 1; 21; 1; 1; 1; 1; 1; 1; 5; 4; 1; 1; 7; 2; 1; 1; 1; 1; 2; 3; 1; 5; 1; 140; 1; 1; 8; 12; 1; 64; 1; 3; 1; 1; 1; 1; 2; 1; 2; 8]
178,menion.android.whereyougo,biylda/WhereYouGo,1282,12,17,9,15,24,39.733.333.333.333.300,224,1055,8,[1; 4; 1; 2; 49; 156; 1; 3; 7]
179,com.coste.syncorg,wizmer/syncorg,740,25,172,30,30,60,39.3,1361,393,37,[2; 4; 12; 5; 1; 3; 9; 2; 1; 1; 2; 1; 1; 1; 559; 2; 10; 16; 1; 2; 2; 2; 185; 1; 6; 4; 477; 2; 1; 1; 10; 1; 1; 1; 26; 1; 1; 4]
180,org.asnelt.derandom,asnelt/derandom,1083,1,6,0,1,1,2.0,11,891,1,[11]
181,com.rehanced.lunary,manuelsc/Lunary-Ethereum-Wallet,272,55,127,10,21,31,23.714.285.714.285.700,81,219,5,[72; 1; 5; 1; 2]
182,com.etesync.syncadapter,etesync/android,372,6,40,6,18,24,29.944.444.444.444.400,1009,350,13,[19; 3; 557; 3; 7; 7; 1; 1; 18; 1; 1; 1; 385; 5]
183,ca.farrelltonsolar.classic,graham22/Classic,1184,1,4,2,3,5,7.866.666.666.666.660,104,1105,1,[104]
184,com.vlath.keyboard,VladThodo/behe-keyboard,245,21,72,18,14,32,28.0,55,239,6,[44; 1; 4; 1; 4; 1]
185,com.nicue.onetwo,ndleyton/OneTwo,308,1,4,2,1,3,0.0,55,38,2,[49; 4; 2]
186,com.alaskalinuxuser.justnotes,alaskalinuxuser/app_justnotes,340,3,1,2,10,12,1.5,12,58,3,[1; 1; 10]
187,com.redirectapps.tvkill,42SK/TVKILL,872,10,39,7,25,32,41.64,69,737,5,[1; 1; 1; 1; 65]
188,com.serwylo.lexica,lexica/lexica,825,24,33,12,44,56,3.015.909.090.909.090,133,798,8,[1; 11; 5; 4; 2; 1; 108; 1]
189,org.openintents.flashlight,openintents/flashlight,2113,21,22,4,3,7,6.333.333.333.333.330,73,1733,4,[6; 1; 59; 7]
190,com.farmerbb.taskbar,farmerbb/Taskbar,572,20,70,26,23,49,4.782.608.695.652.170,659,572,4,[5; 4; 14; 636]
191,es.usc.citius.servando.calendula,citiususc/calendula,1548,53,77,11,83,94,17.626.506.024.096.300,1153,1542,7,[1; 490; 1; 624; 12; 23; 1; 1]
192,de.vibora.viborafeed,no-go/ViboraFeed,557,3,4,0,1,1,0.0,35,215,2,[1; 2; 32]
193,ru.exlmoto.snood21,EXL/Snooder21,574,1,6,0,0,0,0.0,47,543,1,[47]
194,org.runnerup,jonasoreland/runnerup/,1918,171,329,109,536,645,11.817.537.313.432.800,2075,1747,28,[18; 11; 1386; 1; 4; 2; 11; 1; 2; 10; 3; 3; 15; 1; 6; 12; 1; 1; 9; 1; 5; 8; 71; 311; 24; 2; 153; 1; 2]
195,com.google.android.gms,microg/android_packages_apps_UnifiedNlp,1455,87,323,46,103,149,4.052.427.184.466.010,222,1397,18,[2; 1; 1; 5; 1; 2; 1; 1; 3; 4; 5; 2; 2; 1; 6; 1; 1; 2; 181]
196,protect.gift_card_guard,brarcher/gift-card-guard,765,6,5,1,40,41,0.6,112,731,2,[1; 58; 53]
197,com.haringeymobile.ukweather,Kestutis-Z/World-Weather,1146,5,11,6,31,37,9.425.806.451.612.900,266,1129,26,[10; 10; 7; 86; 6; 3; 1; 7; 9; 24; 1; 24; 8; 1; 1; 1; 1; 1; 4; 9; 10; 2; 3; 1; 8; 26; 2]
198,com.danielkim.soundrecorder,dkim0419/SoundRecorder,1161,381,701,40,50,90,89.46,80,881,12,[7; 50; 1; 3; 1; 4; 2; 2; 1; 5; 2; 1; 1]
199,com.hayaisoftware.launcher,seizonsenryaku/HayaiLauncher,949,51,118,36,67,103,17.223.880.597.014.900,371,566,11,[1; 3; 6; 323; 1; 4; 1; 1; 19; 8; 2; 2]
200,net.programmierecke.radiodroid2,segler-alex/RadioDroid,1871,40,95,87,223,310,61.937.219.730.941.700,524,1866,16,[6; 26; 368; 42; 1; 2; 2; 19; 1; 4; 4; 3; 2; 31; 1; 8; 4]
201,info.papdt.blackblub,fython/Blackbulb,758,49,216,13,44,57,6.981.818.181.818.180,136,692,14,[1; 15; 1; 98; 3; 1; 1; 1; 1; 1; 2; 1; 1; 9]
202,org.fossasia.openevent,fossasia/open-event-android,1027,802,798,80,2274,2354,10.318.381.706.244.500,1341,1025,109,[1; 4; 2; 1; 1; 13; 1; 1; 1; 3; 71; 1; 26; 14; 1; 24; 1; 56; 9; 2; 1; 1; 2; 179; 13; 2; 2; 1; 22; 10; 1; 1; 2; 2; 1; 1; 1; 2; 1; 1; 1; 13; 75; 1; 1; 1; 4; 2; 2; 23; 86; 70; 12; 1; 1; 1; 25; 1; 1; 22; 1; 1; 3; 9; 116; 40; 2; 1; 2; 24; 19; 2; 1; 1; 1; 1; 44; 2; 1; 1; 2; 1; 1; 1; 1; 2; 6; 1; 10; 1; 1; 2; 3; 2; 2; 1; 1; 6; 3; 4; 1; 3; 151; 3; 1; 9; 1; 25; 1; 1]
203,com.sagar.screenshift2,aravindsagar/ScreenShift,992,12,32,10,5,15,70.6,34,106,1,[34]
204,openfoodfacts.github.scrachx.openbeauty,openfoodfacts/openfoodfacts-androidapp,1028,116,110,298,689,987,47.522.496.371.552.900,4211,1028,37,[204; 1; 27; 1; 10; 1; 3; 1; 1; 4; 2; 7; 11; 1; 3; 5; 9; 5; 1; 153; 6; 3; 6; 6; 1; 22; 3; 1; 1; 7; 1; 69; 1; 1; 3612; 5; 10; 6]
205,app.librenews.io.librenews,milesmcc/LibreNews-Android,244,7,19,14,13,27,6.076.923.076.923.070,51,120,5,[4; 26; 3; 1; 15; 1; 1]
206,de.stephanlindauer.criticalmaps,CriticalMaps/criticalmaps-android,1295,21,35,15,198,213,24.641.414.141.414.100,752,1112,10,[11; 383; 1; 3; 1; 34; 2; 6; 196; 111; 4]
207,de.live.gdev.timetracker,gsantner/kimai-android,1460,21,19,2,27,29,17.962.962.962.962.900,96,1364,17,[1; 1; 1; 1; 1; 1; 1; 1; 1; 1; 40; 2; 1; 2; 1; 38; 1; 1]
208,org.schabi.nxbookmarks.owncloud,theScrabi/OCBookmarks,210,7,26,9,7,16,7.142.857.142.857.140,68,189,6,[2; 1; 2; 1; 1; 61]
209,com.termux.api,termux/termux-api,971,44,145,71,68,139,6.670.588.235.294.110,117,947,10,[1; 106; 1; 1; 2; 1; 1; 1; 1; 1; 1]
210,de.baumann.sieben,scoute-dich/Sieben,737,14,22,6,36,42,1.927.777.777.777.770,55,435,5,[1; 2; 1; 37; 1; 13]
211,com.github.cythara,gstraube/cythara,286,5,18,0,14,14,18.785.714.285.714.200,230,273,3,[1; 1; 228]
212,de.markusfisch.android.shadereditor,markusfisch/ShaderEditor,1731,66,242,28,48,76,500.625,444,1728,3,[441; 1; 1; 1]
213,za.co.lukestonehm.logicaldefence,LukeStonehm/LogicalDefence,1137,34,73,15,48,63,14375,186,1128,18,[2; 2; 1; 1; 1; 1; 6; 98; 21; 3; 1; 1; 2; 18; 3; 9; 2; 11; 3]
214,CricketsAlarm,alijc/CricketsAlarm,1647,0,3,4,15,19,3.533.333.333.333.330,16,79,1,[16]
215,HallMonitor,durka/HallMonitor,1567,22,47,22,36,58,44.638.888.888.888.800,225,250,5,[14; 3; 8; 25; 38; 137]
216,transdroid,erickok/transdroid,1706,136,605,68,358,426,6.892.178.770.949.720,560,1700,27,[1; 1; 4; 1; 1; 31; 5; 17; 2; 1; 1; 2; 2; 1; 1; 5; 1; 2; 1; 2; 1; 465; 1; 1; 6; 1; 2; 1]
217,fooCam,phunehehe/fooCam,1604,1,8,0,0,0,0,81,1541,2,[1; 80]
218,UhLocationReportingService,threedliteguy/UhLocationReportingService,1662,2,3,1,0,1,0.0,5,83,1,[5]
219,BlitzMail,grote/BlitzMail,1796,2,18,11,19,30,5.931.578.947.368.420,92,1382,3,[85; 4; 2; 1]
220,effy,taky/effy,2347,1,5,4,5,9,2.2,83,110,1,[83]
221,PuppyFrame,boztalay/PuppyFrame,1757,0,3,0,1,1,10.0,40,142,1,[39; 1]
222,Summation,pejic/Summation,1518,1,2,5,1,6,152.0,32,1420,2,[31; 1]
223,AcrylicPaint,anupam1525/AcrylicPaint,2142,30,7,2,2,4,0.0,3,19,1,[3]
224,Android-Drawables,alt236/Android-Drawables---Android,2213,8,26,0,0,0,0.0,44,404,1,[44]
225,BehatReporter,headrevision/BehatReporter,1751,2,7,2,0,2,0.0,27,10,1,[27]
226,dynalogin-android,dynalogin/dynalogin-android,2089,3,7,0,0,0,0.0,6,921,1,[6]
227,StdAtmosphere,mathbellev/StdAtmosphere,1926,0,4,0,0,0,0.0,4,5,1,[4]
228,adsdroid,dnet/adsdroid,2144,7,21,3,11,14,15.536.363.636.363.600,52,2135,3,[1; 50; 1]
229,rainwave-android,OEP/rainwave-android,2408,3,6,1,48,49,266625,319,1600,2,[1; 1; 317]
230,rdt,jufickel/rdt,1443,1,3,0,2,2,75.0,10,861,2,[2; 7; 1]
231,E-Tipitaka-for-Android,yuttadhammo/E-Tipitaka-for-Android,2128,0,6,0,0,0,0,95,897,2,[19; 71; 5]
232,fosdem-companion-android,cbeyls/fosdem-companion-android,1505,68,86,16,20,36,118.6,326,1477,3,[1; 1; 1; 323]
233,zooborns.android,Smerty/zooborns.android,2795,5,3,0,0,0,0,92,489,2,[85; 7]
234,tuner,billthefarmer/tuner,1844,27,68,0,22,22,58.0,176,1833,5,[3; 164; 3; 2; 1; 3]
235,toposuite-android,hgdev-ch/toposuite-android,1414,0,4,0,0,0,0.0,2031,1005,2,[1209; 822]
236,andlytics,AndlyticsProject/andlytics,2084,187,490,79,678,757,29.030.973.451.327.400,1522,1769,28,[2; 3; 2; 2; 2; 22; 1; 4; 3; 72; 6; 1; 334; 2; 5; 293; 1; 5; 16; 16; 1; 1; 10; 2; 2; 640; 1; 60; 13]
237,PathfinderOpenReference,devonjones/PathfinderOpenReference,2262,20,46,35,77,112,287.012.987.012.987,249,1603,7,[3; 1; 3; 60; 12; 164; 2; 4]
238,Lexin,cmykola/Lexin,2005,0,2,5,13,18,8.461.538.461.538.460,58,279,1,[1; 57]
239,nanoConverter,ZorgeR/nanoConverter,2162,4,10,6,1,7,1271.0,29,1091,1,[21; 8]
240,Paper-Wallet,ValleZ/Paper-Wallet,1687,15,30,4,28,32,17.342.857.142.857.100,202,1677,2,[201; 1]
241,vlilleChecker,ojacquemart/vlilleChecker,2145,7,8,8,109,117,5.069.724.770.642.200,366,2069,1,[366]
242,abstract-art,gwhiteside/abstract-art,2196,17,24,7,7,14,58.285.714.285.714.200,166,167,1,[155; 11]
243,netmbuddy,yhcting/netmbuddy,1772,14,35,5,9,14,19.666.666.666.666.600,472,1137,2,[470; 2]
244,nstools,arifhn/nstools,2306,18,25,0,8,8,1875,175,151,6,[2; 1; 164; 2; 1; 5]
245,trickytripper,koelleChristian/trickytripper,2237,11,22,14,19,33,7.042.105.263.157.890,268,1966,6,[10; 4; 2; 250; 1; 1]
246,and-bible,mjdenham/and-bible,2346,98,155,50,50,100,55.32,2634,2195,6,[20; 3; 2030; 6; 573; 1; 1]
247,Bangla-Dictionary,rafi-kamal/Bangla-Dictionary,1891,50,45,0,0,0,0.0,36,1073,1,[36]
248,connectbot,vx/connectbot,2276,61,177,97,41,138,11.504.878.048.780.400,739,694,18,[200; 35; 1; 1; 2; 2; 7; 1; 1; 1; 4; 455; 2; 3; 9; 3; 2; 3; 7]
249,irssiconnectbot,irssiconnectbot/irssiconnectbot,2604,63,86,41,37,78,4.391.891.891.891.890,586,726,21,[8; 35; 1; 1; 1; 3; 24; 1; 1; 2; 2; 4; 1; 17; 1; 4; 422; 2; 46; 1; 2; 7]
250,android-viewer-for-khan-academy,concentricsky/android-viewer-for-khan-academy,1803,20,19,5,1,6,0.0,4,387,2,[1; 3]
251,Isotopes,chemicalappspace/Isotopes,1599,2,3,4,0,4,0.0,18,327,1,[18]
252,Ted,xgouchet/Ted,2192,51,86,21,26,47,12.615.384.615.384.600,41,1322,6,[1; 1; 25; 1; 11; 1; 1]
253,LinuxDayAppAndroid,DocSalvi/LinuxDayAppAndroid,2050,3,6,1,1,2,0.0,40,1180,2,[6; 34]
254,teacup,yourealwaysbe/teacup,1885,3,9,4,0,4,0.0,121,1721,1,[116; 5]
255,RedReader,QuantumBadger/RedReader,1791,354,801,173,409,582,1.105.158.924.205.370,1183,1780,79,[1; 1; 3; 1; 1; 1; 2; 2; 4; 5; 2; 2; 2; 22; 2; 2; 1; 1; 1; 1; 11; 2; 3; 1; 3; 1; 1; 1; 1; 1; 2; 1; 3; 1; 1; 1; 1; 1; 2; 1; 10; 2; 4; 1; 2; 2; 1; 3; 1; 2; 9; 2; 3; 4; 1; 2; 1; 1; 15; 17; 2; 1; 1; 3; 1; 10; 1; 1; 6; 60; 1; 1; 1; 1; 1; 4; 1; 1; 877; 30]
256,andFHEM,klassm/andFHEM,2246,15,40,30,1238,1268,16.765.751.211.631.600,2526,2243,7,[5; 12; 3; 1; 8; 1413; 16; 1068]
257,elementary,ultramega/elementary,2075,11,21,2,27,29,2.211.111.111.111.110,453,2040,5,[13; 26; 3; 6; 400; 5]
258,gh4a,slapperwan/gh4a,2565,157,878,119,701,820,9.780.313.837.375.170,2553,2563,22,[1; 1; 713; 4; 2; 1; 1; 1; 1; 1; 2; 2; 2; 1; 1; 2; 1415; 1; 2; 377; 19; 1; 1; 1]
259,opensudoku,romario333/opensudoku,2197,231,188,0,0,0,0,241,1820,1,[1; 240]
260,weiciyuan,qii/weiciyuan,2043,1324,2679,62,224,286,4.669.642.857.142.850,3128,1189,3,[3125; 2; 1]
261,debatekeeper,czlee/debatekeeper,1677,10,5,16,14,30,5.727.142.857.142.850,622,1517,4,[2; 603; 9; 6; 2]
262,filemanager,mick88/filemanager,1465,54,91,10,4,14,8.0,226,1304,2,[223; 2; 1]
263,hashit,ginkel/hashit,2976,4,14,0,4,4,45.0,117,1730,2,[114; 1; 2]
264,keepassdroid,bpellin/keepassdroid,3340,316,952,157,116,273,8.384.482.758.620.680,999,3284,34,[2; 1; 6; 2; 1; 1; 2; 1; 4; 2; 1; 1; 1; 1; 9; 2; 2; 5; 3; 3; 3; 1; 2; 1; 1; 1; 2; 2; 1; 20; 7; 1; 1; 898; 8]
265,PGPAuth,LittleFox94/PGPAuth,1531,4,19,7,17,24,3.294.117.647.058.820,79,1499,2,[4; 75]
266,sandwichroulette,maxfierke/sandwichroulette,2127,0,2,1,0,1,0.0,6,56,1,[6]
267,SystemAppMover,j4velin/SystemAppMover,1560,27,63,4,11,15,3.113.636.363.636.360,65,1559,3,[1; 63; 1]
268,tramhunter,andybotting/tramhunter,2198,7,21,6,20,26,52.4,260,1048,4,[18; 2; 212; 15; 13]
269,AntennaPod,danieloeh/AntennaPod,2038,598,1837,339,2243,2582,844.899.687.917.967,4165,2014,77,[3; 3; 3; 968; 1; 5; 3; 4; 6; 2; 1; 1; 1; 7; 7; 1; 1; 4; 56; 1; 9; 1; 3; 3; 1; 1; 1; 3; 1; 4; 5; 1; 24; 6; 1; 1; 3; 5; 1; 1; 1; 4; 20; 4; 5; 205; 1535; 1; 14; 11; 6; 1; 1; 1; 1; 1; 7; 1; 1; 1; 1; 2; 2; 2; 8; 2; 2; 1; 1; 1; 5; 6; 10; 1; 1000; 2; 143; 1; 1]
270,aarddict,aarddict/android,2690,52,74,29,89,118,3.546.067.415.730.330,319,1664,7,[1; 305; 2; 1; 1; 6; 2; 1]
271,anarxiv,nephoapp/anarxiv,2577,2,7,0,0,0,0,54,0,1,[52; 2]
272,FBReaderJ,geometer/FBReaderJ,2708,780,1426,235,240,475,43175,9034,2447,38,[20; 6; 15; 5; 1; 7; 5; 18; 2; 1; 90; 1; 8; 24; 4; 7639; 10; 1; 454; 1; 1; 6; 46; 18; 6; 5; 45; 1; 2; 7; 1; 2; 2; 4; 2; 9; 528; 13; 24]
273,cetoolbox,Pansanel/cetoolbox,1858,1,2,2,0,2,0.0,40,353,1,[40]
274,Presentation,feelinglucky/Presentation,1568,13,52,3,2,5,0.0,33,407,1,[33]
275,open-keychain,open-keychain/open-keychain,2182,342,975,210,2062,2272,58.300.678.952.473.300,6672,2181,92,[143; 5; 1; 1; 3; 2; 2; 39; 3; 1; 3; 3; 1; 1; 2; 2; 7; 1; 18; 5; 40; 3; 14; 6; 10; 3; 26; 10; 1; 26; 22; 15; 5; 1; 2; 2; 2; 1; 1; 2; 1; 6; 1978; 178; 3; 2; 128; 94; 8; 1; 2; 1; 2; 2; 79; 1; 2; 1; 3152; 1; 1; 2; 1; 1; 1; 1; 12; 9; 8; 3; 3; 38; 5; 9; 61; 16; 2; 4; 2; 12; 4; 23; 3; 1; 8; 8; 223; 97; 17; 14; 1; 2; 3]
276,Anki-Android,ankidroid/Anki-Android,1865,600,1124,399,4395,4794,10.023.435.722.411.800,8678,1862,127,[1; 1; 2; 1; 22; 1; 8; 1703; 12; 1; 11; 1; 41; 1; 1; 2; 1; 2; 1; 4; 1; 1; 1; 1; 1; 23; 10; 5; 1; 1; 1; 24; 858; 3; 1; 166; 7; 2; 4; 18; 1; 1; 13; 1; 8; 114; 21; 14; 4; 1; 31; 28; 1; 7; 1; 3; 4; 1; 1; 1; 1; 2; 8; 1; 3; 18; 2; 1; 78; 25; 1; 2; 1; 4; 1; 1; 2; 2; 1; 13; 1; 11; 1; 2; 1; 2069; 1; 481; 12; 75; 1; 1; 608; 2; 1; 1; 3; 4; 1; 5; 2; 1; 2; 1; 1; 1; 1; 1; 1; 1; 1; 521; 12; 1; 1; 2; 83; 6; 1; 3; 1; 1; 1359; 1; 1; 1; 2; 19]
277,Antikythera-Simulation,fivasim/Antikythera-Simulation,2067,4,12,2,0,2,0.0,3,2,1,[3]
278,TuCanMobile,Tyde/TuCanMobile,2338,4,10,11,64,75,99.609.375,316,1568,4,[1; 5; 3; 73; 234]
279,daily-money,dennischen/daily-money,2131,59,59,12,11,23,5.681.818.181.818.180,175,381,2,[7; 10; 158]
280,SimpleBitcoinWidget,hwki/SimpleBitcoinWidget,1801,35,37,4,32,36,185.625,99,1783,5,[17; 10; 2; 55; 14; 1]
281,BMI_Calculator,zikalify/BMI_Calculator,1495,2,9,1,4,5,153.5,28,1326,1,[25; 3]
282,Simple-C25K,roelb/Simple-C25K,2172,11,10,1,5,6,8.0,45,456,3,[2; 41; 2]
283,BodhiTimer,yuttadhammo/BodhiTimer,1252,4,15,12,3,15,10.133.333.333.333.300,9,11,1,[9]
284,droidparts-battery-widget,yanchenko/droidparts-battery-widget,2113,2,5,0,0,0,0,11,4,1,[11]
285,tickmate,lordi/tickmate,1508,24,67,22,98,120,7.518.367.346.938.770,389,1369,16,[21; 1; 8; 1; 1; 16; 40; 1; 271; 9; 2; 8; 1; 2; 1; 5; 1]
286,BartRunnerAndroid,dougkeen/BartRunnerAndroid,1981,17,38,9,12,21,262.5,186,1847,5,[14; 2; 8; 2; 35; 125]
287,TransportsRennes,ybonnel/TransportsRennes,2629,15,45,13,100,113,23.72,1299,2626,3,[1; 1273; 1; 24]
288,Muspy-for-Android,danielme-com/Muspy-for-Android,469,2,2,0,0,0,0.0,38,296,1,[5; 33]
289,diode,zagaberoo/diode,2179,36,122,16,59,75,20.654.237.288.135.500,963,2049,39,[2; 9; 5; 4; 3; 1; 1; 4; 1; 4; 5; 2; 1; 3; 2; 696; 1; 25; 7; 10; 1; 3; 2; 64; 1; 2; 1; 21; 2; 5; 1; 1; 2; 6; 11; 1; 1; 43; 7; 2]
290,samlib-Info,monakhv/samlib-Info,1638,7,9,3,2,5,116.0,738,1000,1,[737; 1]
291,MovingPolygons,jagossel/MovingPolygons,1557,0,1,0,5,5,0.0,80,188,1,[15; 65]
292,calendar-widget,plusonelabs/calendar-widget,2117,103,275,124,156,280,11.650.641.025.641.000,414,1845,14,[2; 1; 2; 2; 1; 4; 2; 1; 1; 119; 1; 1; 276; 1]
293,MonthCalendarWidget2FOSS,alterechtschreibung/MonthCalendarWidget2FOSS,1435,0,1,1,1,2,37.0,9,343,1,[9]
294,RtkGps,illarionov/RtkGps,1836,88,45,11,1,12,1013.0,75,223,1,[75]
295,BetterBatteryStats,asksven/BetterBatteryStats,2419,138,323,66,767,833,5.276.792.698.826.590,198,2416,7,[7; 182; 1; 1; 1; 4; 2]
296,cpuspy,bvalosek/cpuspy,2530,40,55,0,4,4,186.5,73,337,2,[5; 68]
297,flashlight,sanbeg/flashlight,2089,40,37,3,4,7,226.75,32,1394,2,[1; 31]
298,intent-intercept,intrications/intent-intercept,2099,72,237,6,43,49,8.676.744.186.046.510,138,1541,9,[1; 1; 1; 1; 2; 3; 9; 1; 102; 17]
299,MozStumbler,mozilla/MozStumbler,1700,215,539,191,1639,1830,26.118.974.984.746.700,2698,1474,84,[1; 19; 19; 21; 2; 108; 1; 1; 1; 2; 2; 4; 3; 2; 1; 1; 1; 6; 1; 1; 1; 506; 8; 1; 1; 14; 55; 747; 7; 1; 2; 2; 1; 2; 1; 11; 1; 1; 33; 1; 2; 2; 1; 27; 2; 14; 1; 1; 3; 5; 8; 1; 46; 12; 11; 1; 1; 3; 164; 2; 4; 1; 1; 1; 3; 49; 4; 1; 5; 1; 5; 2; 1; 2; 1; 1; 684; 4; 1; 1; 1; 3; 1; 14; 7]
300,open-mensa-android,domoritz/open-mensa-android,2032,13,19,15,21,36,9.204.761.904.761.900,169,1792,7,[132; 1; 3; 15; 1; 3; 14]
301,OpenWatch-Android,OpenWatch/OpenWatch-Android,1912,26,32,9,3,12,0.0,438,294,2,[1; 437]
302,PalmCalc,cybro/PalmCalc,1603,2,4,4,0,4,0.0,9,1,1,[9]
303,PortKnocker,xargsgrep/PortKnocker,2116,7,18,6,9,15,34.0,173,2061,4,[1; 116; 8; 1; 47]
304,PrepayCredit,DamienOReilly/PrepayCredit,1671,6,6,2,7,9,47.285.714.285.714.200,49,1158,1,[49]
305,prim-ftpd,wolpi/prim-ftpd,2096,28,124,11,118,129,7.648.305.084.745.760,478,2079,11,[1; 2; 1; 6; 18; 19; 2; 3; 421; 2; 3]
306,RPN,lpar/RPN,2268,7,10,3,2,5,0.0,33,1067,1,[33]
307,ScreenInfo,mportuesisf/ScreenInfo,2607,15,57,9,6,15,13.666.666.666.666.600,54,1575,2,[37; 1; 16]
308,STweaks,gokhanmoral/STweaks,1946,41,21,1,0,1,0.0,8,49,1,[8]
309,tinc_gui,Vilbrekin/tinc_gui,2016,25,64,7,34,41,643.529.411.764.706,81,1363,3,[6; 10; 58; 7]
310,upm-android,adrian/upm-android,2668,46,70,22,12,34,6.25,129,2609,3,[1; 2; 125; 1]
311,Wake-On-Lan,mafrosis/Wake-On-Lan,2669,19,62,6,9,15,23.555.555.555.555.500,129,1178,2,[10; 6; 113]
312,FileExplorer,MiCode/FileExplorer,2242,718,1255,21,19,40,6.842.105.263.157.890,53,801,6,[1; 2; 2; 20; 1; 16; 11]
313,timesheet,ambrice/timesheet,3214,19,38,8,1,9,1.0,45,1496,2,[4; 41]
314,Heart,daryldy/Heart,1933,9,14,14,3,17,13.033.333.333.333.300,106,106,1,[106]
315,pocketbandit,onyxbits/pocketbandit,1895,20,22,2,0,2,0.0,81,34,1,[81]
316,apg,thialfihar/apg,2356,81,234,0,0,0,0,4367,2185,57,[47; 5; 2; 39; 3; 3; 1; 1; 5; 40; 3; 14; 3; 10; 1; 26; 22; 15; 5; 1; 2; 2; 1; 1; 2; 6; 918; 146; 2; 128; 94; 8; 2; 1; 2; 61; 1; 2; 1; 2365; 1; 1; 1; 1; 12; 9; 8; 38; 5; 9; 4; 12; 4; 23; 3; 8; 223; 14]
317,ics-openconnect,cernekee/ics-openconnect,1552,47,161,14,13,27,1.526.153.846.153.840,1004,1535,5,[9; 1; 1; 510; 17; 466]
318,opacclient,raphaelm/opacclient,2081,41,80,40,468,508,3.801.068.376.068.370,3710,2081,22,[1; 7; 1; 1; 2519; 1; 1; 3; 1; 2; 1; 1127; 1; 3; 1; 1; 1; 20; 1; 9; 1; 1; 6]
319,c-geo-opensource,cgeo/c-geo-opensource,2424,478,814,529,6409,6938,6.909.018.567.639.250,11049,2418,89,[1; 29; 2; 2; 1; 5; 3; 7; 2; 149; 661; 3; 174; 51; 8; 2; 2; 3; 31; 151; 4; 1; 8; 19; 1; 1; 1; 52; 2; 346; 5; 5; 1; 5; 186; 5; 2; 1; 3; 23; 3111; 1; 13; 35; 249; 2; 97; 18; 2; 6; 3; 381; 1; 2; 1; 7; 1; 8; 37; 1; 5; 1; 1185; 8; 2; 3; 260; 279; 2; 10; 1; 2; 3; 1; 3216; 7; 40; 4; 1; 6; 5; 2; 1; 1; 1; 1; 45; 2; 14; 7]
320,moneybalance,inguin/moneybalance,2000,12,29,9,16,25,12.8125,72,1869,6,[2; 62; 1; 5; 1; 1]
321,epmobile,mannd/epmobile,2388,5,10,1,32,33,294.375,671,2386,2,[1; 670]
322,PicardBarcodeScanner,phw/PicardBarcodeScanner,2226,2,3,0,1,1,0.0,44,2152,2,[1; 43]
323,hn-android,manmal/hn-android,2011,169,462,44,141,185,9.327.659.574.468.080,306,1457,15,[2; 90; 2; 1; 1; 3; 3; 4; 5; 107; 52; 1; 17; 11; 6; 1]
324,android_packages_apps_ParanoidWallpapers,ParanoidAndroid/android_packages_apps_ParanoidWallpapers,2001,31,12,2,11,13,3.518.181.818.181.810,35,370,10,[1; 1; 9; 1; 1; 12; 1; 2; 2; 4; 1]
325,muzei,romannurik/muzei,1482,859,3477,42,478,520,4.089.958.158.995.810,1278,1482,21,[2; 2; 1118; 3; 126; 1; 1; 1; 2; 1; 1; 1; 4; 1; 1; 1; 1; 4; 1; 1; 5]
326,RoundR,MohammadAdib/RoundR,1781,42,163,7,3,10,7.476.666.666.666.660,45,135,1,[45]
327,Book-Catalogue,eleybourn/Book-Catalogue,2874,168,276,247,548,795,5.417.335.766.423.350,1326,2844,19,[14; 8; 1; 4; 1; 1; 200; 1; 29; 6; 26; 2; 9; 916; 1; 21; 10; 69; 6; 1]
328,DroidPersianCalendar,ebraminio/DroidPersianCalendar,2182,98,229,32,151,183,7.896.688.741.721.850,991,2151,9,[1; 2; 37; 1; 127; 250; 563; 2; 3; 5]
329,mirakel-dashclock,azapps/mirakel-dashclock,1574,1,4,0,0,0,0,51,289,2,[26; 25]
330,tasks,dmfs/tasks,1727,154,499,273,390,663,7.542.307.692.307.690,711,1704,26,[2; 5; 1; 2; 2; 2; 2; 2; 1; 4; 1; 1; 1; 1; 3; 1; 1; 1; 2; 1; 88; 1; 2; 403; 178; 2; 1]
331,com.mobilepearls.sokoban,mobilepearls/com.mobilepearls.sokoban,2690,12,30,7,0,7,0.0,14,1764,1,[14]
332,Android-PreferencesManager,SimonMarquis/Android-PreferencesManager,1745,26,112,2,15,17,20.933.333.333.333.300,196,1087,1,[196]
333,Android-Terminal-Emulator,jackpal/Android-Terminal-Emulator,2734,691,1759,0,0,0,0,1038,2422,64,[15; 1; 1; 180; 2; 7; 2; 9; 1; 1; 2; 1; 1; 19; 1; 16; 14; 1; 1; 2; 14; 1; 1; 1; 1; 2; 1; 2; 1; 4; 2; 2; 54; 8; 34; 3; 2; 15; 1; 1; 3; 2; 2; 1; 1; 2; 4; 8; 2; 1; 559; 2; 1; 5; 2; 1; 2; 1; 3; 1; 1; 4; 1; 1; 1]
334,AnySoftKeyboard,AnySoftKeyboard/AnySoftKeyboard,2142,359,624,220,1055,1275,31.337.440.758.293.800,4041,2142,28,[30; 2; 6; 2; 1; 3741; 1; 2; 3; 3; 3; 2; 2; 2; 32; 6; 3; 3; 19; 4; 118; 34; 3; 1; 3; 8; 2; 4; 1]
335,BetterWifiOnOff,asksven/BetterWifiOnOff,2055,13,24,21,127,148,164.251.968.503.937,286,895,2,[280; 6]
336,bl-battstatus-android,adrian-bl/bl-battstatus-android,2503,8,16,3,3,6,4.533.333.333.333.330,117,1304,2,[110; 1; 6]
337,Catlog,nolanlawson/Catlog,2758,183,421,29,34,63,55.794.117.647.058.800,347,2075,5,[1; 1; 2; 64; 1; 278]
338,DebianDroid,uberspot/DebianDroid,1716,4,25,1,10,11,0.8,153,1631,4,[1; 1; 1; 150]
339,Device-Frame-Generator,f2prateek/Device-Frame-Generator,1947,36,217,17,110,127,4.588.181.818.181.810,396,1645,2,[365; 23; 8]
340,encpasschanger,kibab/encpasschanger,2074,4,15,4,1,5,45.0,11,160,1,[11]
341,gendreapp,namsor/gendreapp,1438,6,6,0,3,3,4.156.666.666.666.660,38,78,1,[1; 37]
342,KeepScore,nolanlawson/KeepScore,2454,50,61,31,65,96,5.258.461.538.461.530,520,1800,8,[1; 1; 4; 2; 8; 2; 1; 500; 1]
343,Keypad-Mapper-3,msemm/Keypad-Mapper-3,1831,9,18,12,0,12,0.0,5,110,1,[5]
344,linconnect-client,hauckwill/linconnect-client,1540,34,84,17,9,26,5.655.555.555.555.550,17,431,3,[2; 14; 1]
345,listmyaps,onyxbits/listmyaps,1644,15,42,4,5,9,215.4,112,393,2,[111; 1]
346,ntp-sync,dschuermann/ntp-sync,2054,31,63,21,14,35,28.142.857.142.857.100,124,1869,3,[2; 118; 3; 1]
347,OSMonitor,eolwral/OSMonitor,1766,104,272,47,49,96,5.457.142.857.142.850,353,1217,7,[338; 1; 1; 1; 5; 1; 3; 3]
348,sms-backup-plus,jberkel/sms-backup-plus,2976,400,1174,149,617,766,22.068.557.536.466.700,1554,2940,39,[2; 2; 6; 5; 1; 1; 5; 1; 1; 2; 1; 2; 2; 1381; 7; 1; 1; 7; 6; 10; 2; 1; 1; 2; 3; 1; 1; 4; 2; 6; 1; 2; 2; 1; 1; 74; 1; 2; 1; 2]
349,vimtouch,momodalo/vimtouch,1996,64,292,45,60,105,8.206.666.666.666.660,363,842,5,[16; 230; 84; 3; 1; 29]
350,yubioath-android,Yubico/yubioath-android,1639,27,90,9,68,77,873.529.411.764.706,325,1570,7,[277; 1; 3; 2; 1; 1; 4; 36]
351,Just-A-Damn-Compass,jarofgreen/Just-A-Damn-Compass,2254,10,10,1,1,2,3.0,6,3,1,[6]
352,osmtracker-android,nguillaumin/osmtracker-android,2365,184,306,58,76,134,25.0,414,2332,18,[2; 1; 9; 3; 13; 1; 3; 36; 1; 1; 4; 1; 2; 1; 20; 10; 302; 1; 3]
353,IndiaSatelliteWeather,Shahul3D/IndiaSatelliteWeather,1560,18,47,2,1,3,2.0,206,1208,1,[182; 24]
354,MeerkatChallenge,jcasson/MeerkatChallenge,1635,5,6,1,0,1,0.0,128,350,1,[128]
355,iFixitAndroid,iFixit/iFixitAndroid,2352,81,131,25,257,282,11.625.291.828.793.700,2630,2333,10,[1223; 171; 7; 1; 1034; 4; 2; 183; 2; 2; 1]
356,Liberario,grote/Liberario,1636,93,307,42,381,423,6.588.713.910.761.150,1029,1635,31,[3; 1; 1; 1; 2; 1; 4; 1; 6; 6; 20; 2; 8; 3; 2; 4; 1; 3; 1; 3; 2; 2; 1; 2; 4; 1; 924; 1; 13; 4; 1; 1]
357,flashback,daj/flashback,1551,1,2,2,1,3,0.0,19,896,1,[18; 1]
358,k-9,k9mail/k-9,2581,1899,3672,689,2537,3226,3.677.296.018.919.980,7606,2580,185,[2; 1; 2; 1; 5; 13; 6; 2; 1; 1; 1; 1; 1; 1; 1; 4; 1; 1; 1; 3; 3; 2; 1; 1; 1; 1; 30; 5; 93; 368; 1; 2; 1; 4; 1; 3; 44; 1; 12; 246; 1; 1; 1; 533; 155; 1; 2; 9; 10; 1; 2; 10; 1; 202; 1; 8; 1; 1; 1; 31; 2; 5; 4; 1; 14; 2; 1; 1; 1; 2; 31; 1; 1; 2; 1; 2; 1; 1; 103; 1; 2; 138; 8; 1562; 1; 16; 1; 1; 18; 2; 1; 1; 1; 2; 1; 2; 1; 1; 1; 2; 1; 5; 3; 1; 5; 1; 1; 1; 43; 1; 116; 1; 2; 2; 3; 1; 14; 1; 1; 1; 146; 5; 6; 2; 1; 6; 1; 1; 1; 3; 92; 1; 1; 1; 16; 1; 18; 1; 30; 275; 1; 1; 1; 3; 3; 60; 1; 1; 2; 1; 3; 12; 8; 8; 2766; 1; 1; 6; 40; 1; 1; 1; 1; 1; 1; 14; 22; 1; 1; 1; 1; 2; 4; 3; 6; 1; 2; 2; 1; 1; 6; 1; 1; 1; 1; 17]
359,servdroid,joanpuigsanz/servdroid,1681,51,72,4,19,23,7.742.105.263.157.890,70,91,1,[70]
360,weechat-android,ubergeek42/weechat-android,2193,86,333,135,246,381,8.496.747.967.479.670,803,2181,26,[8; 1; 1; 39; 1; 1; 1; 3; 18; 32; 6; 1; 1; 339; 3; 45; 3; 270; 2; 1; 8; 1; 7; 1; 7; 1; 2]
361,BalanduinoAndroidApp,TKJElectronics/BalanduinoAndroidApp,1953,25,25,3,3,6,3.0,376,1310,3,[1; 374; 1]
362,Mandelbrot-Maps-on-Android,withad/Mandelbrot-Maps-on-Android,2288,1,10,1,0,1,0.0,352,568,1,[352]
363,JapaneseNameConverterRoot,nolanlawson/JapaneseNameConverterRoot,2839,1,6,0,1,1,96.0,9,1083,1,[9]
364,Jupiter-Broadcasting-Android-App,ShaneQful/Jupiter-Broadcasting-Android-App,1996,15,15,1,6,7,10.783.333.333.333.300,42,852,3,[1; 39; 2]
365,bitcoinium,veken0m/bitcoinium,2001,30,43,10,32,42,12.746.875,518,1725,5,[1; 14; 2; 494; 7]
366,gnucash-android,codinguser/gnucash-android,2110,380,726,93,676,769,6.194.526.627.218.930,1679,2059,42,[1; 1; 1; 163; 3; 5; 7; 231; 5; 1; 1; 155; 1; 1; 3; 5; 1; 3; 2; 4; 1; 1; 1; 1; 2; 1; 2; 1; 2; 2; 1; 1; 1; 6; 14; 8; 1003; 2; 4; 6; 4; 4; 17]
367,MyExpenses,mtotschnig/MyExpenses,2191,89,154,162,293,455,13.363.139.931.740.600,6448,2190,12,[2; 1; 1; 2; 1; 122; 3; 19; 5; 7; 2; 1; 6282]
368,android-pedometer,bagilevi/android-pedometer,2864,465,782,0,0,0,0,68,2148,1,[22; 46]
369,AppAlarm,ghackett/AppAlarm,2531,36,42,1,1,2,13.0,8,220,1,[6; 2]
370,TeaTimer,ralphleon/TeaTimer,3135,27,46,4,6,10,79.0,71,1509,4,[14; 5; 25; 24; 3]
371,FillUp,wdkapps/FillUp,1697,25,24,21,20,41,171.6,15,609,2,[2; 11; 2]
372,android-squeezer,nikclayton/android-squeezer,2489,40,62,240,127,367,8.777.165.354.330.700,1405,2192,13,[13; 2; 912; 2; 2; 42; 2; 3; 6; 327; 90; 2; 1; 1]
373,SoundRecorder,MiCode/SoundRecorder,2253,276,511,7,1,8,0.0,4,56,1,[2; 2]
374,Subsonic,daneren2005/Subsonic,2066,87,239,87,764,851,4.914.528.795.811.510,3785,2030,24,[1; 3618; 1; 7; 1; 5; 2; 4; 1; 4; 2; 1; 1; 1; 1; 14; 1; 41; 2; 2; 8; 12; 2; 49; 4]
375,accordion,billthefarmer/accordion,1761,4,10,0,7,7,11.285.714.285.714.200,86,1728,2,[85; 1]
376,reddinator,micwallace/reddinator,1811,8,29,7,16,23,1.110.625,357,1750,5,[1; 1; 12; 340; 1; 2]
377,blurred-lines-live,ghisguth/blurred-lines-live,2697,5,37,0,1,1,1.0,19,1159,1,[19]
378,Orbital-Live-Wallpaper,PuZZleDucK/Orbital-Live-Wallpaper,2135,0,2,0,0,0,0.0,100,163,1,[95; 5]
379,ATimeTracker,netmackan/ATimeTracker,1674,36,71,56,33,89,42.333.333.333.333.300,132,1250,9,[50; 9; 1; 1; 5; 2; 1; 61; 2]
380,birthday-adapter,dschuermann/birthday-adapter,2054,18,51,20,82,102,13.332.926.829.268.200,244,1941,5,[3; 234; 1; 1; 5]
381,PinDroid,maxpower47/PinDroid,2630,61,250,28,53,81,9.909.433.962.264.150,941,2397,8,[1; 4; 1; 899; 3; 1; 23; 3; 6]
382,PongTime,tinkerlog/PongTime,2903,3,11,0,0,0,0.0,9,20,1,[9]
383,reader,sismics/reader,1786,57,258,20,139,159,5.607.913.669.064.740,671,1771,7,[1; 4; 19; 1; 1; 414; 224; 7]
384,remotekeyboard,onyxbits/remotekeyboard,1735,21,71,13,14,27,9.557.142.857.142.850,93,1146,1,[91; 2]
385,simpleDeadlines,chibibi/simpleDeadlines,1916,6,19,19,32,51,4.571.875,191,825,2,[3; 182; 6]
386,2048-android,uberspot/2048-android,1447,577,634,9,49,58,18.387.755.102.040.800,67,1334,14,[1; 1; 1; 2; 1; 1; 1; 2; 2; 7; 4; 2; 1; 39; 2]
387,blokish,scoutant/blokish,2506,57,59,4,18,22,19.711.111.111.111.100,97,2458,7,[1; 5; 83; 1; 2; 3; 1; 1]
388,L9Droid,tsapree/L9Droid,2006,2,7,4,0,4,0.0,317,1813,1,[2; 315]
389,afwall,ukanth/afwall,1950,251,1059,200,604,804,11.987.251.655.629.100,1345,1950,16,[1; 1; 124; 1; 11; 1; 1139; 1; 5; 2; 19; 1; 1; 1; 19; 2; 15; 1]
390,AlarmClock,yuriykulikov/AlarmClock,2139,48,63,22,270,292,12.322.222.222.222.200,1614,2055,15,[5; 39; 1; 5; 2; 23; 509; 252; 1; 8; 15; 2; 3; 747; 1; 1]
391,android-adbm,ilijamt/android-adbm,1674,12,58,5,3,8,7.433.333.333.333.330,143,899,1,[143]
392,Android-PwdHash,phw/Android-PwdHash,2634,5,25,5,7,12,5.857.142.857.142.850,134,2153,1,[2; 132]
393,bluetooth-spp-terminal,Sash0k/bluetooth-spp-terminal,1436,57,54,2,3,5,5.753.333.333.333.330,32,954,2,[31; 1]
394,callmeter,felixb/callmeter,1589,36,39,34,89,123,55.258.426.966.292.100,2282,1515,19,[1; 3; 5; 38; 12; 3; 26; 3; 4; 1; 11; 1649; 1; 510; 1; 1; 2; 2; 1; 8]
395,ColorNamer,kaytdek/ColorNamer,1789,42,14,6,11,17,8.636.363.636.363.630,47,1383,4,[13; 1; 4; 15; 14]
396,Compass,MiCode/Compass,2253,204,314,5,0,5,0.0,4,0,1,[3; 1]
397,faster-gps,dschuermann/faster-gps,2054,16,57,22,19,41,3.736.842.105.263.150,105,1869,2,[102; 1; 2]
398,hearing-saver,jakebasile/hearing-saver,2147,4,6,0,0,0,0,76,1904,2,[1; 71; 4]
399,MifareClassicTool,ikarus23/MifareClassicTool,1842,300,826,29,145,174,9.590.344.827.586.200,600,1839,13,[1; 3; 1; 1; 3; 577; 1; 1; 4; 1; 1; 2; 3; 1]
400,MyHackerspace,fixme-lausanne/MyHackerspace,2139,23,35,13,51,64,7.247.058.823.529.410,407,1808,8,[3; 1; 4; 5; 1; 4; 5; 381; 3]
401,no-frills-cpu-classic,hrk/no-frills-cpu-classic,1848,13,19,0,2,2,3.0,38,164,1,[38]
402,screen-notifications,lkorth/screen-notifications,2000,14,34,15,43,58,2.585.348.837.209.300,242,1715,2,[1; 241]
403,simple_carrieriq_detector_app,project-voodoo/simple_carrieriq_detector_app,2280,10,28,0,4,4,0.25,48,2,3,[5; 1; 42]
404,sipswitch,robert7k/sipswitch,2088,11,21,4,12,16,59.25,71,1998,3,[1; 11; 1; 58]
405,traccar-client-android,tananaev/traccar-client-android,2040,364,291,128,192,320,24.018.229.166.666.600,307,2030,14,[280; 2; 1; 5; 1; 1; 2; 1; 1; 1; 8; 1; 1; 2]
406,TraductorSoftcatalaAndroid,Softcatala/TraductorSoftcatalaAndroid,2391,0,7,0,2,2,643.5,127,1991,3,[90; 2; 2; 33]
407,voicenotify,pilot51/voicenotify,1963,27,33,20,44,64,485.5,180,1947,7,[1; 3; 1; 169; 1; 3; 1; 1]
408,WorldClock,rahulaga/WorldClock,2076,3,2,4,2,6,1.0,30,25,0,[30]
409,Gloomy-Dungeons-3D,restorer/Gloomy-Dungeons-3D,2521,19,38,0,6,6,146.5,43,2186,2,[8; 35]
410,Blockinger,vocollapse/Blockinger,1790,73,56,15,2,17,437.0,75,121,1,[8; 67]
411,AnagramSolver,uberspot/AnagramSolver,1787,5,10,1,9,10,8.888.888.888.888.880,50,1180,1,[7; 43]
412,FBReaderJ-plugin-local-opds-scanner,geometer/FBReaderJ-plugin-local-opds-scanner,2199,6,13,1,1,2,0.0,13,957,1,[13]
413,barnacle,szym/barnacle,2798,28,67,10,3,13,8.333.333.333.333.330,7,279,1,[7]
414,Birthdroid,rigid/Birthdroid,2171,8,14,11,13,24,3.907.692.307.692.300,63,2101,4,[1; 2; 51; 1; 8]
415,Lightning-Browser,anthonycr/Lightning-Browser,1853,565,1090,280,392,672,5.971.938.775.510.200,1698,1852,69,[5; 9; 5; 1; 1; 1; 4; 3; 5; 2; 5; 1; 2; 1; 2; 3; 8; 2; 3; 4; 1; 2; 2; 1; 2; 4; 5; 1; 4; 8; 1; 51; 1; 78; 4; 7; 1; 16; 2; 2; 1; 12; 2; 1; 1; 3; 1; 4; 1; 1; 1; 21; 1; 1; 1; 2; 1; 1; 1356; 4; 1; 1; 3; 3; 1; 3; 1; 1; 1; 7]
416,orweb,guardianproject/orweb,2915,41,87,26,43,69,3.155.348.837.209.300,157,2088,10,[3; 4; 1; 1; 1; 7; 1; 107; 1; 30; 1]
417,PactrackDroid,firetech/PactrackDroid,3093,0,4,1,14,15,104.5,186,2641,2,[140; 46]
418,xabber-android,redsolution/xabber-android,1856,808,1528,287,511,798,36.836.986.301.369.800,2462,1706,16,[1; 2; 405; 2; 2; 1; 16; 7; 32; 3; 1; 4; 1976; 2; 4; 1; 3]
419,TumCampusApp,TCA-Team/TumCampusApp,1755,47,102,79,654,733,637.262.996.941.896,2002,1754,32,[1; 1; 8; 5; 1; 2; 519; 6; 63; 17; 35; 8; 158; 12; 36; 3; 34; 2; 12; 2; 19; 54; 32; 99; 16; 36; 16; 556; 7; 22; 28; 3; 184; 5]
420,gamemasterdice,ge0rg/gamemasterdice,2356,5,12,2,2,4,6.0,39,1024,2,[2; 37]
421,MinecraftClock,Xlythe/MinecraftClock,1782,1,7,1,0,1,0.0,8,553,1,[8]
422,Binaural-Beats,GiorgioRegni/Binaural-Beats,2628,40,100,4,21,25,7.747.142.857.142.850,104,1863,3,[91; 1; 5; 7]
423,eshotroid,mehmetakiftutuncu/eshotroid,1139,0,1,0,0,0,0.0,21,431,1,[21]
424,Osmand,osmandapp/Osmand,2601,607,1360,613,4471,5084,375.922.612.390.964,45920,2601,295,[5; 1; 1; 1; 2; 10; 4; 8; 238; 10; 2; 1; 2; 96; 109; 105; 1; 2; 31; 1; 109; 9; 2; 121; 35; 1; 7210; 92; 269; 609; 3; 6; 72; 16; 69; 3; 1; 847; 42; 89; 1; 1; 1; 1; 52; 19; 1; 9; 3; 2; 1; 1; 243; 1; 133; 1; 30; 18; 1; 10; 10; 135; 1; 1; 2; 1; 13; 1; 1; 7; 1; 11; 89; 1; 12; 1; 6; 2; 2; 1; 3; 628; 1; 1; 1; 3; 7; 2; 2; 1; 5; 1; 2; 2; 34; 83; 39; 1; 35; 4; 143; 5; 5; 1; 4; 1; 8; 1; 1; 19; 16; 13; 1; 178; 1; 365; 4; 11; 289; 1; 14; 3; 268; 184; 50; 4; 1; 9; 29; 3; 5; 10; 1; 47; 1; 3; 1; 3; 5; 1567; 8; 86; 623; 1; 1; 1; 1; 7; 9; 9; 3; 2; 1; 1; 4; 15; 609; 7; 1; 23; 1; 25; 2; 8; 5; 74; 35; 1; 7; 1; 15; 11; 2; 5; 12; 200; 15; 7; 2; 2; 3; 17; 3; 3; 1; 3; 1; 96; 1; 2; 51; 2; 58; 1; 1; 941; 45; 65; 38; 1; 5; 3; 1; 178; 1; 177; 2; 426; 1; 1; 9; 9; 155; 9; 5; 82; 1; 5; 5; 13; 1; 1; 6; 7; 4; 1; 10; 4; 4; 1; 1; 1; 2; 2; 4; 1; 2; 3; 1; 1; 2; 23; 2; 1; 1; 2; 9; 3; 3; 278; 1; 34; 1; 97; 178; 2; 2; 2; 1; 1; 3; 1; 1; 2; 1; 1; 28; 1; 3; 1; 2; 12; 2; 2; 1; 1; 1; 62; 40; 4; 12; 1; 35; 18; 3; 3; 2; 16; 6; 2; 1; 11; 192; 7; 8917; 1; 4; 17; 2; 1; 1; 2; 9; 14; 29; 115; 123; 117; 3; 1; 1; 4; 3; 11; 2; 2; 1; 1; 1; 334; 1; 2615; 1; 756; 6; 2; 3; 1; 1; 1; 2; 1; 1; 31; 2; 3; 1; 1; 9; 4; 4; 14; 2; 38; 44; 4; 3; 1224; 1; 12; 14; 81; 1; 1; 2; 1; 5; 7; 267; 65; 5; 31; 6; 6; 5; 1; 1; 2; 13; 6; 113; 2; 1; 3; 3; 43; 4; 1; 161; 3611; 6; 2; 1; 5; 9; 4; 1; 1; 732; 11; 16; 121; 5; 4; 11; 18; 205; 1; 3; 2; 1; 1116; 17; 8; 5; 19; 2; 3; 1; 3; 1; 8; 3; 3; 1; 1; 216; 1; 8; 4; 1; 1; 7; 27; 1; 74; 8; 1; 6; 4; 6; 2; 3; 225; 4; 1; 552; 1; 5; 2; 8; 1; 5; 8; 1; 2; 1946; 60; 33; 103; 24; 1; 1; 1; 2; 1; 1; 3; 3; 1; 2; 1; 1; 41; 2; 5; 24; 28; 1; 1; 2; 64; 1; 1; 4; 1; 1; 7; 14; 2; 1; 4; 1; 1; 9; 1; 11; 142; 1; 4; 1; 11; 1; 1; 9; 1; 1; 38; 4; 2; 135; 4; 1; 12; 5; 1; 1]
425,speedofsound,jpeddicord/speedofsound,2136,4,10,16,12,28,195.0,209,1657,2,[192; 17]
426,vanilla,adrian-bl/vanilla,1169,0,2,0,1,1,155.0,2,0,1,[2]
427,Penroser,JesusFreke/Penroser,2430,13,26,1,1,2,1.0,147,69,1,[147]
428,PhotoPhase,jruesga/PhotoPhase,1704,9,28,2,33,35,21.818.181.818.181.800,551,1633,5,[1; 4; 2; 543; 1]
429,nori,vomitcuddle/nori,1716,16,51,28,91,119,26.912.087.912.087.900,554,1494,8,[1; 6; 530; 1; 9; 2; 1; 2; 1; 1]
430,OpenExplorer,BrandroidTools/OpenExplorer,2373,26,77,0,0,0,0,1669,1290,6,[1; 2; 1578; 1; 7; 35; 45]
431,whohasmystuff,stovocor/whohasmystuff,2342,7,13,7,25,32,188.28,223,2126,5,[1; 2; 215; 1; 4]
432,sudowars,sudowars/sudowars,2035,6,7,10,4,14,0.0,120,320,3,[31; 3; 86]
433,andstatus,andstatus/andstatus,2259,56,143,110,369,479,11.177.506.775.067.700,1866,2258,9,[5; 1734; 2; 96; 2; 8; 7; 5; 6; 1]
434,WordPress-Android,wordpress-mobile/WordPress-Android,1787,895,1665,383,6958,7341,30.464.213.854.555.900,27810,1786,77,[79; 1; 1; 4; 15; 25; 7; 1; 2; 1408; 1; 12; 1; 1; 2; 4; 2397; 352; 6; 187; 6; 8; 1; 2; 42; 1; 35; 1; 3; 256; 5; 1163; 200; 1502; 5; 2; 1; 12; 1; 1; 1633; 94; 2; 13; 5218; 1; 11; 2; 1; 1; 72; 306; 2; 6; 1; 5; 4; 33; 6882; 17; 3; 7; 1125; 735; 1; 2358; 7; 2; 1; 1; 1488; 4; 1; 2; 1; 4; 12; 1]
435,LligaIntermunicipal,YerayAlonso/LligaIntermunicipal,1857,1,1,6,1,7,6.0,11,394,1,[11]
436,920-Text-Editor,jecelyin/920-Text-Editor,2015,89,179,24,7,31,448.0,20,1228,3,[6; 3; 1; 10]
437,Android-File-Manager,nexes/Android-File-Manager,2789,117,169,6,3,9,36.666.666.666.666.600,100,570,0,[100]
438,android-sensorium,fmetzger/android-sensorium,2019,21,39,17,7,24,8.571.428.571.428.570,218,1809,4,[180; 2; 1; 6; 29]
439,Android-USB-Serial-Monitor-Lite,ksksue/Android-USB-Serial-Monitor-Lite,2211,77,121,7,7,14,22.914.285.714.285.700,50,600,2,[1; 49]
440,be.norio.randomapp,litrik/be.norio.randomapp,1736,0,4,0,0,0,0.0,6,0,1,[6]
441,BrightnessWidget,tillwoerner/BrightnessWidget,2338,3,3,1,1,2,3.0,17,805,1,[8; 9]
442,clean-calculator,jochem88/clean-calculator,1622,25,63,5,2,7,0.5,22,1039,3,[2; 19; 1]
443,EasyDice,pejic/EasyDice,1491,3,10,8,5,13,68.2,131,565,2,[2; 129]
444,GeorgianFonts,herrlado/GeorgianFonts,2579,0,4,0,0,0,0.0,28,366,1,[1; 27]
445,HereGPSLocation,borneq/HereGPSLocation,1489,11,11,1,1,2,39.0,24,857,2,[6; 2; 16]
446,Level,avianey/Level,1985,12,28,18,1,19,100.0,21,598,1,[21]
447,SendWithFtp,mtotschnig/SendWithFtp,2124,10,16,4,4,8,3.25,74,1476,3,[2; 68; 4]
448,sensorreadout,onyxbits/sensorreadout,2134,33,63,2,2,4,106.0,92,1069,1,[90; 2]
449,sick-stache,Buttink/sick-stache,2068,16,22,20,16,36,793.125,100,781,2,[87; 9; 4]
450,Superuser,koush/Superuser,1838,734,1103,99,195,294,1.903.076.923.076.920,653,642,65,[1; 1; 2; 3; 1; 6; 5; 4; 1; 1; 4; 2; 1; 2; 2; 2; 1; 1; 1; 1; 1; 3; 1; 3; 12; 1; 50; 1; 369; 1; 16; 1; 1; 2; 1; 9; 11; 1; 1; 8; 8; 1; 1; 2; 1; 1; 2; 15; 1; 1; 1; 1; 1; 19; 3; 1; 1; 4; 4; 3; 9; 2; 3; 7; 1; 1; 24]
451,wigle-wifi-wardriving,wiglenet/wigle-wifi-wardriving,1991,101,214,9,194,203,4.186.082.474.226.800,1185,1988,25,[2; 813; 1; 1; 1; 6; 18; 1; 1; 5; 5; 1; 7; 1; 1; 12; 1; 4; 1; 1; 1; 1; 224; 71; 2; 3]
452,wheelmap-android,sozialhelden/wheelmap-android,2436,30,40,58,17,75,1.451.764.705.882.350,2008,2119,13,[11; 562; 207; 5; 214; 1; 7; 48; 17; 614; 139; 1; 181; 1]
453,WoT-Tank-Quiz,MazeChaZer/WoT-Tank-Quiz,1553,1,2,1,0,1,0.0,61,335,1,[4; 57]
454,TVHGuide,john-tornblom/TVHGuide,2492,25,45,22,17,39,776.470.588.235.294,364,717,2,[331; 28; 5]
455,Vector-Pinball,dozingcat/Vector-Pinball,2658,73,118,19,10,29,295.1,127,2549,2,[117; 4; 6]
456,FBReaderJ-plugin-tts,geometer/FBReaderJ-plugin-tts,2447,12,21,3,0,3,0.0,49,1451,1,[49]
457,TtsPlus-FBReader,gregko/TtsPlus-FBReader,2080,8,14,7,6,13,1.0,137,1605,3,[1; 134; 2]
458,droid-comic-viewer,robotmedia/droid-comic-viewer,2247,58,127,13,5,18,213.0,75,249,4,[1; 34; 3; 1; 36]
459,MultiPing-for-Android,softgearko/MultiPing-for-Android,2365,21,20,6,7,13,22.571.428.571.428.500,16,1242,2,[2; 13; 1]
460,TintBrowserAdblockAddon,Anasthase/TintBrowserAdblockAddon,2206,7,10,5,1,6,1025.0,22,115,1,[22]
461,Yaaic,pocmo/Yaaic,3198,114,281,113,121,234,1.499.090.909.090.900,1063,2566,19,[1; 31; 1; 2; 1; 1; 12; 1; 1; 1; 956; 1; 8; 1; 6; 13; 1; 18; 4; 3]
462,yaxim,ge0rg/yaxim,3002,39,85,0,0,0,0,1182,2998,15,[1; 1; 1; 3; 19; 1; 51; 59; 117; 6; 3; 15; 1; 893; 3; 8]
463,android-bankdroid,liato/android-bankdroid,2872,170,250,65,621,686,13.122.866.344.605.400,1325,2515,38,[9; 16; 1; 1; 6; 2; 6; 11; 1; 2; 1; 5; 1; 25; 635; 2; 1; 3; 36; 6; 2; 1; 1; 1; 5; 4; 1; 1; 1; 123; 2; 20; 1; 2; 2; 1; 40; 346; 1]
464,ministocks,niteshpatel/ministocks,1782,32,27,23,40,63,204325,249,1674,3,[196; 1; 5; 47]
465,HydroMemo,mboesling/HydroMemo,1417,1,2,2,3,5,3.726.666.666.666.660,13,19,0,[13]
466,zxing,zxing/zxing,2331,7246,17578,12,939,951,1.090.947.816.826.410,3421,2326,83,[1; 1; 1; 1; 1; 2; 6; 1; 22; 1; 1; 1; 4; 1; 3; 1; 1; 1; 2; 1; 1; 1; 4; 3; 1; 1; 1; 1; 2; 1; 1; 2; 1; 3; 2; 1; 4; 1; 1; 2700; 1; 4; 21; 1; 1; 1; 2; 4; 1; 1; 553; 1; 1; 1; 1; 1; 1; 6; 1; 1; 2; 1; 1; 1; 1; 1; 1; 1; 1; 1; 3; 1; 1; 1; 1; 1; 3; 1; 1; 1; 2; 1; 3; 1]
467,Car-Cast,bherrmann7/Car-Cast,2979,34,53,62,62,124,27.064.516.129.032.200,274,2885,8,[19; 2; 1; 4; 1; 24; 150; 59; 14]
468,melodeon,billthefarmer/melodeon,1740,0,2,1,2,3,5.5,58,1708,1,[58]
469,GoogleNews,tobykurien/GoogleNews,2316,8,19,17,22,39,4.731.818.181.818.180,88,2080,3,[8; 1; 22; 57]
470,android_wallpaper_flowers,harism/android_wallpaper_flowers,2233,21,37,1,0,1,0.0,71,118,1,[71]
471,Android-SecretCodes,SimonMarquis/Android-SecretCodes,1624,57,127,3,14,17,9.714.285.714.285.710,75,1235,2,[1; 73; 1]
472,Fast-Brightness-Control-Widget,marin-liovic/Fast-Brightness-Control-Widget,1701,1,3,0,3,3,13.333.333.333.333.300,14,248,2,[1; 13]
473,MultiPictureLiveWallpaper,lllllT/MultiPictureLiveWallpaper,2329,14,28,5,0,5,0.0,250,1543,1,[250]
474,AsciiCam,dozingcat/AsciiCam,2208,13,74,5,11,16,2.651.818.181.818.180,51,2100,3,[48; 1; 2]
475,QuickSnap,lightbox/QuickSnap,2122,36,84,0,0,0,0.0,6,1,1,[6]
476,android-open-wifi-network-remover,duncanje/android-open-wifi-network-remover,1861,0,7,3,4,7,124.5,114,638,1,[114]
477,AndroidDasher,acl33/AndroidDasher,2590,5,15,2,2,4,240.5,329,338,0,[329]
478,mirakel-android,MirakelX/mirakel-android,1842,114,362,52,572,624,1.876.520.979.020.970,3722,1560,9,[1282; 7; 799; 2; 1589; 34; 1; 2; 1; 5]
479,SidePanel,sukso96100/SidePanel,1833,27,35,4,4,8,0.0,66,62,3,[1; 1; 64]
480,Text-Edit-for-Android,paulmach/Text-Edit-for-Android,2753,47,69,5,5,10,85.2,10,383,1,[3; 7]
481,episodes,jamienicol/episodes,1904,19,52,32,32,64,5.203.125,264,1179,3,[4; 7; 252; 1]
482,Tinfoil-Facebook,velazcod/Tinfoil-Facebook,2319,68,224,61,57,118,8.345.614.035.087.710,308,1966,12,[2; 1; 2; 3; 2; 1; 1; 1; 1; 248; 42; 1; 3]
483,AppBak,moparisthebest/AppBak,2756,6,16,3,0,3,0.0,2,1284,1,[2]
484,AtmosphereLogger,lllllT/AtmosphereLogger,2329,4,9,5,0,5,0.0,44,1140,1,[44]
485,cacert,guardianproject/cacert,2372,21,52,6,7,13,12.857.142.857.142.800,74,2062,3,[1; 54; 3; 16]
486,ham.android,Smerty/ham.android,2846,2,6,0,0,0,0,87,1176,2,[85; 2]
487,RootVerifier-APP,abcdjdj/RootVerifier-APP,1672,19,23,0,9,9,3.0,90,970,4,[85; 3; 1; 1]
488,SGit,sheimi/SGit,1647,111,306,0,285,285,18.901.754.385.964.900,401,1165,21,[2; 1; 6; 1; 7; 4; 4; 1; 1; 81; 7; 4; 1; 1; 204; 2; 37; 1; 1; 27; 6; 2]
489,turbo-editor,vmihalachi/turbo-editor,1629,231,720,64,83,147,4.989.156.626.506.020,72,1469,3,[60; 1; 10; 1]
490,WiFi-Auto-Off,j4velin/WiFi-Auto-Off,1562,19,33,6,33,39,15.875.757.575.757.500,224,1534,7,[2; 213; 1; 4; 2; 1; 1]
491,wifiwidget,hmrocha/wifiwidget,2437,3,5,1,0,1,0.0,3,17,1,[3]
492,android-gltron,Chluverman/android-gltron,2237,68,71,7,1,8,1734.0,15,168,0,[15]
493,papanikolis-submarine,niparasc/papanikolis-submarine,1742,2,10,1,0,1,0.0,12,2,1,[12]
494,OpenDocument.droid,TomTasche/OpenDocument.droid,2690,17,58,10,63,73,12.814.285.714.285.700,251,2610,1,[1; 250]
495,android-WebSearch,balesz/android-WebSearch,1687,2,3,8,5,13,11.6,134,776,1,[6; 128]
496,Gibberbot,guardianproject/Gibberbot,2570,574,1060,164,599,763,1.348.831.385.642.730,2909,2534,34,[5; 1; 3; 2; 1; 1; 1; 1; 2072; 1; 3; 1; 1; 3; 15; 1; 1; 1; 360; 1; 2; 1; 9; 1; 52; 3; 1; 1; 1; 20; 22; 1; 1; 283; 36]
497,NFCTagmaker,mateusz-szafraniec/NFCTagmaker,1265,3,5,0,2,2,0.0,55,444,1,[55]
498,TintBrowser,Anasthase/TintBrowser,2206,101,191,83,34,117,13.052.941.176.470.500,242,1199,3,[13; 1; 2; 226]
499,Cowsay-android,rorist/Cowsay-android,2249,1,9,0,4,4,4.0,158,1971,4,[39; 1; 1; 8; 109]
500,EddyMalou,F0x06/EddyMalou,1426,1,4,1,0,1,0.0,6,3,1,[6]
501,hacker-live-wallpaper,gsingh93/hacker-live-wallpaper,1943,7,18,1,1,2,32.0,87,793,1,[87]
502,bitcoin-wallet,schildbach/bitcoin-wallet,2160,1028,1276,77,416,493,3.846.394.230.769.230,2979,2159,26,[1; 1; 1; 1; 1; 1; 1; 1; 1; 1; 1; 1; 1; 1; 1; 2; 1; 4; 1; 1; 1; 2946; 4; 1; 1; 1; 1]
503,budget-envelopes,notriddle/budget-envelopes,1694,28,43,22,22,44,1.210.909.090.909.090,193,1510,6,[6; 4; 14; 1; 3; 1; 164]
504,Volume-Control,mancio/Volume-Control,2038,2,2,0,0,0,0.0,3,0,0,[3]
505,BeautyClockLiveWallpaper,shakalaca/BeautyClockLiveWallpaper,2784,12,21,2,0,2,0.0,98,509,1,[98]
506,DashNotifier,umanx/DashNotifier,1615,4,39,6,3,9,0.0,18,127,3,[15; 2; 1]
507,JellyBeanClock,AChep/JellyBeanClock,1939,2,13,0,2,2,69.5,10,618,2,[9; 1]
508,muzei-nationalgeographic,msal/muzei-nationalgeographic,1469,3,10,2,4,6,11.75,36,1382,2,[2; 34]
509,Pixelesque,rjmarsan/Pixelesque,2359,15,35,4,3,7,0.0,31,292,1,[16; 15]
510,hstempo_android,hsaito/hstempo_android,3308,2,4,6,1,7,0.0,46,2580,1,[44; 2]
511,document-viewer,dschuermann/document-viewer,1702,98,268,83,200,283,95.8,1751,1648,17,[171; 2; 5; 15; 1; 1; 71; 7; 1; 2; 1; 12; 1434; 3; 1; 5; 1; 18]
512,standalone-calendar,dschuermann/standalone-calendar,1586,30,44,5,9,14,14.855.555.555.555.500,5400,1048,48,[4; 1; 1; 1; 6; 2; 4; 28; 1; 8; 3; 3; 1; 1; 2; 1; 8; 1; 1; 1; 5; 14; 4; 4; 4253; 1; 2; 1; 1; 2; 3; 4; 12; 859; 2; 1; 4; 1; 60; 1; 2; 1; 1; 47; 1; 16; 15; 1; 4]
513,n-puzzle,StanLivitski/n-puzzle,1708,19,16,0,0,0,0,7,180,1,[7]
514,TextFiction,onyxbits/TextFiction,1526,16,35,10,12,22,8.166.666.666.666.660,114,475,4,[1; 110; 2; 1]
515,Atarashii,AnimaSA/Atarashii,2036,20,83,10,486,496,23.325.102.880.658.400,2325,1605,10,[1; 1; 10; 16; 247; 287; 236; 38; 1; 19; 1469]
516,Facebook-Contact-Sync,loadrunner/Facebook-Contact-Sync,2024,35,58,0,52,52,14.878.846.153.846.100,154,1146,2,[125; 1; 28]
517,Mustard-Mod,kromonos/Mustard-Mod,1933,4,6,20,10,30,60.8,59,376,2,[44; 11; 4]
518,android-file-beam,MohammadAG/android-file-beam,1834,14,14,2,1,3,743.0,5,260,1,[5]
519,aokp-co-webviewer,scar45/aokp-co-webviewer,1778,8,3,0,3,3,110.0,20,1187,2,[2; 18]
520,batterywidget,hmrocha/batterywidget,2437,3,10,1,0,1,0.0,31,157,1,[31]
521,Hdhomerun-signal-meter,zaren678/Hdhomerun-signal-meter,1997,5,4,0,1,1,6.0,30,879,1,[28; 2]
522,LG-Optimus-2X-Black-Notifications,mborjesson/LG-Optimus-2X-Black-Notifications,2411,14,10,1,6,7,17.5,69,806,5,[1; 1; 63; 2; 1; 1]
523,MobiPerf,Mobiperf/MobiPerf,2213,60,67,24,141,165,1.901.418.439.716.310,814,1033,13,[3; 89; 34; 10; 1; 13; 1; 30; 9; 38; 13; 33; 523; 17]
524,mounts2sd,SpazeDog/mounts2sd,1887,29,71,26,17,43,4.711.764.705.882.350,128,562,5,[1; 5; 103; 9; 7; 3]
525,otpdroid,felixb/otpdroid,2952,3,14,2,1,3,8.0,54,2670,2,[53; 1]
526,satstat,mvglasow/satstat,1640,50,137,46,98,144,9.172.448.979.591.830,494,1519,10,[21; 2; 2; 1; 2; 1; 436; 25; 1; 2; 1]
527,wifimatic-android,cprados/wifimatic-android,1593,23,64,17,6,23,9.333.333.333.333.330,20,470,1,[3; 17]
528,gpslogger,mendhak/gpslogger,2445,390,833,54,569,623,1.529.384.885.764.490,1364,2439,23,[2; 7; 5; 1; 1; 2; 3; 1; 1; 4; 1; 1; 1; 1; 6; 1; 1; 6; 1; 1; 665; 648; 2; 2]
529,PageTurner,NightWhistler/PageTurner,2279,219,413,158,438,596,5.553.196.347.031.960,1262,1407,16,[13; 2; 3; 2; 5; 1; 1; 22; 1153; 1; 1; 2; 22; 11; 4; 13; 6]
530,FeedEx,HoloAddict/FeedEx,1774,286,469,0,0,0,0,944,1537,29,[1; 2; 7; 1; 3; 4; 2; 1; 12; 714; 1; 4; 5; 8; 4; 1; 15; 2; 2; 1; 49; 1; 2; 5; 1; 1; 3; 89; 1; 2]
531,Manille,Kent1/Manille,1660,0,0,2,0,2,0.0,101,14,1,[101]
532,smsdroid,felixb/smsdroid,2912,76,78,2,31,33,967.741.935.483.871,830,2619,13,[1; 2; 1; 7; 2; 7; 1; 662; 3; 1; 127; 2; 7; 7]
533,SMSSync,ushahidi/SMSSync,2584,377,677,86,395,481,5.441.012.658.227.840,1816,2210,23,[1; 1; 1679; 4; 1; 3; 16; 2; 23; 6; 6; 1; 2; 1; 13; 3; 1; 1; 9; 5; 4; 3; 2; 29]
534,speech_trainer,wrr/speech_trainer,2306,5,8,7,3,10,11.666.666.666.666.600,31,1933,1,[15; 16]
535,countdown-for-dashclock,cr5315/countdown-for-dashclock,1298,1,2,0,1,1,40.0,12,203,2,[7; 5]
536,CamTimer,dozingcat/CamTimer,2384,14,22,3,1,4,0.0,18,2275,1,[18]
537,android-sholi,dsoulayrol/android-sholi,1545,11,12,7,20,27,56.8,67,583,2,[60; 5; 2]
538,reminders,edsonduarte1990/reminders,1529,2,2,0,1,1,0.0,102,1126,1,[102]
539,Timer,dpadgett/Timer,2198,11,13,13,7,20,7.671.428.571.428.570,189,726,2,[17; 15; 157]
540,ToDo-List-Widget,chrispbailey/ToDo-List-Widget,2619,16,16,4,2,6,45.5,134,10,1,[124; 10]
541,AirPush-Detector,brosmike/AirPush-Detector,2466,9,38,1,5,6,35.0,26,684,1,[1; 25]
542,android-passwordmaker,tasermonkey/android-passwordmaker,1335,0,1,0,0,0,0,37,-5,1,[34; 3]
543,AndroSS,tstein/AndroSS,2632,8,22,4,10,14,321.9,159,1055,3,[6; 2; 2; 149]
544,bluetoothviewer,janosgyerik/bluetoothviewer,1758,96,127,17,9,26,28.0,232,1721,1,[215; 17]
545,ChangjieIME,wanleung/ChangjieIME,1544,0,7,0,0,0,0.0,14,19,1,[14]
546,dotty,easytiger/dotty,2833,0,2,1,0,1,0.0,2,0,1,[2]
547,ota-rootkeeper-app,project-voodoo/ota-rootkeeper-app,2380,17,59,4,1,5,72.0,57,597,1,[57]
548,sdscanner,jerickson314/sdscanner,1553,12,33,10,13,23,13.915.384.615.384.600,39,1364,7,[6; 2; 9; 1; 1; 17; 1; 2]
549,USB-Device-Info,alt236/USB-Device-Info---Android,2317,48,95,7,16,23,770.625,68,2048,2,[64; 4]
550,geobookmark,onyxbits/geobookmark,1409,2,1,1,0,1,0.0,14,14,1,[14]
551,BAC76,mdecorde/BAC76,1645,0,0,0,3,3,16.666.666.666.666.600,16,1016,1,[10; 6]
552,DroidUPnP,trishika/DroidUPnP,1829,51,91,39,32,71,101.25,225,1593,7,[1; 3; 2; 1; 1; 5; 1; 211]
553,MicDroid,intervigilium/MicDroid,2835,25,81,2,3,5,6.666.666.666.666.660,77,2348,2,[75; 2]
554,ThermometerExtended2,mateuszbuda/ThermometerExtended2,1562,3,6,16,6,22,18.333.333.333.333.300,50,1530,2,[1; 46; 3]
555,liquid-wars-android,xenris/liquid-wars-android,1754,9,28,5,5,10,38.8,28,584,2,[25; 1; 2]
556,OpenLaw,jfreax/OpenLaw,1715,4,8,5,3,8,14.333.333.333.333.300,333,111,1,[333]
557,Auto-Away,DizzyThermal/Auto-Away,1796,5,9,2,2,4,1.0,15,67,1,[15]
558,PixelKnot,guardianproject/PixelKnot,1909,27,60,17,11,28,1.080.909.090.909.090,160,1530,7,[3; 28; 1; 31; 29; 43; 5; 20]
559,sanity,awaken/sanity,2614,22,31,13,0,13,0.0,45,124,1,[45]
560,SparkleShare-Android,NewProggie/SparkleShare-Android,2475,25,96,28,58,86,7.948.275.862.068.960,201,642,12,[6; 1; 1; 1; 1; 1; 160; 9; 3; 1; 2; 14; 1]
561,WorldMap,johnnylambada/WorldMap,2151,205,803,7,2,9,31.5,115,778,2,[2; 71; 42]
562,cardgamescores,rengolin/cardgamescores,1849,2,3,6,8,14,17125,22,709,1,[20; 2]
563,CoinFlip,banasiak/CoinFlip,2481,12,23,0,5,5,0.6,118,2421,2,[114; 2; 2]
564,Lampshade,prismsw/Lampshade,2134,5,9,5,5,10,7.6,236,1056,1,[1; 235]
565,SubtleNews_Android_App,teamOSC/SubtleNews_Android_App,1542,5,10,1,1,2,0.0,103,315,3,[40; 50; 8; 5]
566,budoist,budowski/budoist,2191,11,16,10,13,23,1.123.076.923.076.920,43,267,1,[43]
567,LDAP-Sync,weisserd/LDAP-Sync,2674,18,47,11,7,18,9.0,111,263,2,[103; 3; 5]
568,moss,teneighty/moss,2326,9,32,6,3,9,7.233.333.333.333.330,69,1603,2,[68; 1]
569,SilentNight,yankovskiy/SilentNight,1701,3,5,5,4,9,26.75,30,1063,2,[7; 23]
570,Atomic,indrora/Atomic,1483,29,115,64,74,138,48.351.351.351.351.300,1226,878,23,[1; 31; 1; 2; 1; 12; 4; 257; 1; 1; 1; 1; 845; 8; 1; 11; 6; 14; 1; 1; 18; 1; 4; 3]
571,BatteryFu,tobykurien/BatteryFu,1490,14,55,18,22,40,6.218.181.818.181.810,76,598,4,[1; 2; 24; 12; 37]
572,botbrew-gui,jyio/botbrew-gui,2116,13,49,28,17,45,11.629.411.764.705.800,135,158,1,[135]
573,clipboard-beam,felixb/clipboard-beam,1863,1,3,0,1,1,0.0,8,1172,1,[8]
574,did-i,blaztriglav/did-i,1980,4,31,7,4,11,147.75,80,64,1,[28; 52]
575,postcode,palfrey/postcode,2870,5,6,2,5,7,4.8,72,2789,2,[3; 69]
576,pyload-android,pyload/pyload-android,1845,17,16,8,12,20,297.5,102,1480,9,[3; 1; 18; 3; 2; 2; 1; 67; 4; 1]
577,control-dlna,Nutomic/control-dlna,1711,30,60,0,0,0,0,175,738,2,[124; 1; 50]
578,shaman,emergentdotorg/shaman,2617,3,13,3,2,5,188.0,37,655,1,[37]
579,DashClock_K-9,cketti/DashClock_K-9,1800,4,5,0,9,9,39.333.333.333.333.300,59,271,4,[2; 1; 1; 1; 54]
580,gizmooi,timvdalen/gizmooi,1670,2,4,1,1,2,0.0,7,10,1,[7]
581,AndroidCaldavSyncAdapater,gggard/AndroidCaldavSyncAdapater,1860,88,233,142,126,268,9.105.555.555.555.550,121,297,4,[71; 1; 39; 7; 3]
582,KeePassNFC,nfd/KeePassNFC,683,5,1,0,0,0,0.0,11,514,0,[11]
583,mobileorg-android,matburt/mobileorg-android,3005,238,835,110,393,503,6.244.783.715.012.720,1271,2621,31,[2; 4; 12; 1; 2; 9; 2; 1; 2; 1; 1; 1; 559; 2; 10; 16; 2; 2; 2; 105; 6; 4; 478; 2; 1; 1; 10; 1; 1; 26; 1; 4]
584,cooper,losttime/cooper,1818,1,7,3,0,3,0.0,52,224,1,[47; 5]
585,android-autostarts,miracle2k/android-autostarts,3008,71,143,11,19,30,301.0,449,2799,3,[1; 1; 429; 18]
586,android-obd-reader,pires/android-obd-reader,2113,405,616,10,199,209,4.694.472.361.809.040,337,1825,21,[1; 3; 5; 1; 1; 10; 18; 1; 5; 14; 35; 5; 2; 2; 53; 5; 1; 1; 165; 5; 1; 3]
587,android-ocr,rmtheis/android-ocr,2323,799,1716,2,75,77,52.72,114,2041,1,[114]
588,APN-Switch,adrian-bl/APN-Switch,2532,3,15,0,0,0,0.0,12,259,1,[12]
589,SpeedMeter,flyingrub/SpeedMeter,1455,48,75,6,27,33,5.422.222.222.222.220,94,1354,8,[1; 3; 1; 2; 2; 80; 2; 2; 1]
590,twidere.extension.twitlonger,mariotaku/twidere.extension.twitlonger,2040,2,2,3,2,5,7.0,8,606,1,[7; 1]
591,Wifi-Fixer,Zanshinmu/Wifi-Fixer,2857,48,108,8,30,38,31.1,1263,2220,1,[1; 1262]
592,android-xbmcremote,freezy/android-xbmcremote,2418,278,374,55,65,120,11.904.615.384.615.300,946,1004,20,[3; 1; 510; 44; 3; 2; 1; 55; 3; 15; 4; 34; 1; 128; 18; 2; 18; 4; 6; 12; 82]
593,rbb,btmura/rbb,2125,5,34,33,279,312,3.782.437.275.985.660,2347,1176,1,[2347]
594,BetterWeather,MarcDufresne/BetterWeather,1737,22,23,3,33,36,29.454.545.454.545.400,124,1039,11,[6; 1; 1; 3; 82; 4; 5; 1; 6; 3; 12]
595,android_wallpaper_flier,harism/android_wallpaper_flier,2246,3,9,0,0,0,0.0,55,131,1,[55]
596,OpenRedmine,indication/OpenRedmine,2053,38,57,39,174,213,46.839.080.459.770.100,1306,1983,8,[1; 1; 1; 7; 1; 1; 1; 2; 1291]
597,geometri-destroyer,MaTachi/geometri-destroyer,1698,1,5,1,1,2,0.0,23,0,1,[23]
598,fish,awilliams/fish,1612,3,1,2,0,2,0.0,3,0,1,[3]
599,Build.prop-Editor,nathanpc/Build.prop-Editor,1989,16,32,3,3,6,30.333.333.333.333.300,15,145,2,[5; 9; 1]
600,hosts-editor-android,Nilhcem/hosts-editor-android,1757,92,247,6,22,28,11.5,135,1372,1,[133; 2]
601,osmgpxuploader,elek/osmgpxuploader,1746,2,4,8,1,9,29.0,34,249,1,[1; 33]
602,ShowMeHills,ShowMeHills/ShowMeHills,2141,16,22,25,8,33,1.5,74,2008,2,[14; 7; 53]
603,Kaleidoscope,prrt714/Kaleidoscope,2132,7,6,1,1,2,0.0,24,1454,2,[23; 1]
604,dashquotes-civ5,logomancer/dashquotes-civ5,1680,0,2,0,0,0,0.0,22,806,0,[22]
605,Drudgery,onyxbits/Drudgery,1589,0,1,0,1,1,3.0,15,40,1,[15]
606,sonorox,amiga/sonorox,1996,1,8,2,2,4,129.0,4,193,1,[2; 2]
607,voicesmith,jurihock/voicesmith,2119,34,85,15,7,22,15.414.285.714.285.700,158,708,1,[155; 3]
608,WaveLinesWallpaper,markusfisch/WaveLinesWallpaper,2014,1,8,0,2,2,0.0,39,1100,2,[3; 36]
609,Diaspora-Webclient,voidcode/Diaspora-Webclient,2284,14,49,11,15,26,30.133.333.333.333.300,63,927,3,[4; 1; 58]
610,Every-Locale,sweetiepiggy/Every-Locale,2210,3,4,1,1,2,0.0,53,510,1,[53]
611,farebot,codebutler/farebot,2593,262,802,44,110,154,48.743.636.363.636.300,234,2512,23,[9; 1; 1; 1; 1; 4; 1; 1; 2; 1; 1; 1; 1; 2; 1; 1; 4; 1; 3; 1; 182; 11; 1; 2]
612,gnupg-for-android,guardianproject/gnupg-for-android,2239,63,225,0,0,0,0,782,1187,3,[1; 1; 140; 640]
613,HandyNotes,atd/HandyNotes,2579,2,11,3,10,13,276.9,30,2007,4,[24; 2; 3; 1]
614,lildebi,guardianproject/lildebi,2522,48,220,83,131,214,952.824.427.480.916,578,2175,10,[4; 3; 38; 1; 1; 1; 1; 2; 523; 4]
615,nfc-reader,nadam/nfc-reader,2299,303,644,4,21,25,2.731.904.761.904.760,44,2029,4,[2; 1; 38; 1; 2]
616,quizzn,xenotropic/quizzn,1777,4,16,0,1,1,241.0,4,362,1,[4]
617,opentraining,chaosbastler/opentraining,2017,32,52,12,37,49,7.578.378.378.378.370,503,1298,5,[271; 1; 2; 19; 1; 209]
618,jamendo-android,telecapoland/jamendo-android,2935,280,436,13,26,39,1.126.923.076.923.070,150,939,6,[3; 2; 11; 67; 52; 11; 4]
619,Podax,thasmin/Podax,2513,44,168,40,179,219,7.084.357.541.899.440,885,2474,7,[3; 2; 12; 2; 863; 1; 2]
620,Android-Remote,clementine-player/Android-Remote,1547,57,137,46,139,185,4.655.395.683.453.230,738,1249,13,[81; 7; 1; 7; 1; 39; 15; 578; 1; 3; 1; 1; 1; 1; 1]
621,ICSImport,danielegobbetti/ICSImport,1579,8,15,9,6,15,23.666.666.666.666.600,14,961,2,[1; 3; 10]
622,flightmode,ajaapps/flightmode,1710,2,0,0,0,0,0.0,12,32,1,[12]
623,rights-alert,cglapa/rights-alert,2135,0,3,10,9,19,15.666.666.666.666.600,40,66,1,[40]
624,MemoPad,zaki50/MemoPad,2479,2,7,2,0,2,0.0,61,264,3,[4; 6; 51]
625,agit,rtyley/agit,2741,103,459,67,56,123,53.607.142.857.142.800,894,1547,12,[2; 1; 2; 874; 1; 1; 1; 2; 2; 3; 1; 3; 1]
626,EmailPopup,baolongnt/EmailPopup,1600,0,3,0,0,0,0.0,75,25,1,[21; 54]
627,lumicall,opentelecoms-org/lumicall,2113,67,93,45,18,63,11.127.777.777.777.700,903,2079,20,[2; 1; 2; 10; 22; 1; 22; 598; 8; 1; 11; 3; 20; 1; 2; 8; 2; 2; 1; 185; 1]
628,DIYgenomics_Android,lablogga/DIYgenomics_Android,2804,5,15,1,0,1,0.0,21,573,1,[14; 7]
629,Diktofon,Kaljurand/Diktofon,2119,3,11,19,14,33,39.785.714.285.714.200,54,1723,2,[48; 6]
630,SASAbus,SASAbus/SASAbus,1719,3,12,0,46,46,948.913.043.478.261,689,1635,8,[301; 2; 2; 94; 13; 18; 46; 176; 37]
631,notecipher,guardianproject/notecipher,2548,43,107,18,23,41,2.657.826.086.956.520,190,1265,5,[2; 2; 78; 51; 34; 23]
632,ReGalAndroid,anthonydahanne/ReGalAndroid,2684,19,24,8,11,19,135.0,251,2177,5,[8; 1; 2; 10; 229; 1]
633,urforms,threedliteguy/urforms,1980,5,5,5,0,5,0.0,4,7,1,[4]
634,ChordReaderRoot,nolanlawson/ChordReaderRoot,2752,14,19,8,4,12,6.5,84,2514,1,[20; 64]
635,piraten_map_app,boombuler/piraten_map_app,2397,8,10,1,10,11,357.3,60,1962,4,[3; 21; 1; 12; 23]
636,NFC_DriversLicenseReader,soft-studio/NFC_DriversLicenseReader,1534,2,13,2,1,3,38.0,5,839,1,[5]
637,PagePlusBalance,moparisthebest/PagePlusBalance,1833,1,1,3,0,3,0.0,8,133,1,[8]
638,eyeCam,tom-and-jerry/eyeCam,2475,6,12,10,12,22,57.666.666.666.666.600,131,1051,3,[2; 1; 21; 107]
639,Color-Clock,NightlyNexus/Color-Clock,1643,6,10,1,0,1,0.0,16,0,1,[16]
640,zandy,ajlyon/zandy,2397,22,97,29,125,154,257.84,314,2372,6,[1; 9; 290; 1; 3; 3; 7]
641,OxygenGuide-Android,nicolas-raoul/OxygenGuide-Android,1872,1,9,18,1,19,2.0,23,1184,1,[23]
642,epub3reader,pettarin/epub3reader,1635,106,195,0,28,28,20.053.571.428.571.400,51,685,3,[14; 12; 14; 11]
643,HexGame_Android,Xlythe/HexGame_Android,2213,15,42,4,5,9,6.2,336,1795,6,[22; 1; 27; 1; 251; 11; 23]
644,reddit-is-fun,talklittle/reddit-is-fun,3115,178,364,82,198,280,9.768.686.868.686.860,773,925,23,[2; 3; 4; 2; 3; 1; 2; 1; 5; 4; 1; 1; 1; 4; 2; 2; 1; 3; 696; 15; 7; 1; 2; 10]
645,gaulupeau,wallabag/android-app,1484,88,200,129,571,700,8.257.443.082.311.730,1147,1477,44,[198; 3; 2; 3; 5; 1; 9; 55; 2; 2; 1; 1; 2; 1; 8; 12; 1; 2; 2; 10; 15; 2; 3; 503; 37; 6; 13; 7; 2; 2; 2; 3; 1; 15; 14; 1; 1; 1; 14; 2; 173; 2; 2; 3; 3]
646,weibo,oschina/android-app,2027,652,745,8,15,23,27.2,30,613,4,[3; 1; 4; 21; 1]
647,sipdroid-master,mconf/sipdroid,2376,47,43,0,0,0,0.0,290,398,2,[3; 11; 276]
648,sagemath,sagemath/android,1739,37,62,26,66,92,25.257.575.757.575.700,411,536,5,[3; 57; 30; 2; 2; 317]
649,third_parties,owncloud/android,2015,2629,2424,362,1765,2127,10.375.184.135.977.300,6396,2015,60,[119; 3; 999; 1974; 1; 2; 1; 1; 4; 2; 4; 10; 1; 24; 8; 355; 5; 431; 1; 10; 1; 1; 43; 191; 1; 73; 4; 2; 2; 1; 1165; 2; 112; 1; 8; 2; 68; 2; 3; 26; 4; 1; 1; 390; 2; 1; 74; 6; 1; 3; 215; 6; 7; 3; 2; 1; 9; 2; 1; 3; 1]
650,mytracks-master,justin66/MyTracks,1047,55,25,0,0,0,0.0,2758,1,13,[12; 18; 5; 3; 8; 13; 105; 10; 5; 1; 2565; 7; 2; 4]
651,pockethub,github/android,2367,3742,9218,121,1040,1161,12.216.153.846.153.800,3275,2365,116,[3; 1; 1; 1; 1; 1; 1; 1; 1992; 5; 1; 5; 1; 1; 1; 1; 2; 22; 1; 1; 1; 2; 10; 1; 18; 2; 2; 1; 1; 68; 2; 1; 1; 2; 2; 1; 21; 2; 1; 4; 1; 1; 1; 1; 60; 1; 1; 5; 140; 1; 1; 1; 1; 4; 1; 1; 4; 1; 10; 1; 2; 1; 1; 1; 1; 261; 4; 2; 199; 1; 1; 1; 1; 1; 3; 1; 5; 1; 7; 1; 1; 4; 1; 1; 1; 2; 2; 83; 1; 29; 1; 2; 1; 1; 1; 1; 1; 1; 7; 2; 3; 2; 2; 2; 1; 3; 2; 1; 9; 12; 67; 3; 2; 1; 95; 1; 8]
652,cyclestreets,cyclestreets/android,2759,185,153,63,136,199,12.181.617.647.058.800,1439,2563,15,[1; 3; 1; 11; 84; 1214; 1; 3; 2; 1; 5; 1; 93; 3; 11; 5]
653,websms-master,felixb/websms,2954,46,75,3,19,22,2.0,1650,2820,17,[4; 2; 3; 18; 1; 77; 1; 2; 1361; 13; 1; 148; 1; 5; 2; 1; 3; 7]
654,Osmdroid,osmdroid/osmdroid,1457,601,1237,72,885,957,6.387.005.649.717.510,2605,1451,38,[1; 5; 1; 2; 2; 1; 1; 1; 1; 5; 1; 100; 5; 2; 4; 1; 4; 70; 1; 1; 1; 1; 1; 2; 1; 67; 837; 1; 5; 2; 11; 44; 1373; 1; 2; 16; 6; 1; 24]
655,appsorganizer,skhang/appsorganizer,1063,0,0,9,9,18,0.0,172,-1224,0,[172]
656,mixare,mixare/mixare,2771,248,403,0,0,0,0,316,737,11,[20; 5; 71; 3; 2; 38; 3; 156; 7; 1; 9; 1]
657,frostwire-android,frostwire/frostwire,852,82,117,43,624,667,21.330.128.205.128.200,4350,852,17,[12; 5; 1; 4; 50; 160; 1; 1; 2217; 2; 8; 1589; 4; 261; 3; 3; 1; 28]
658,FloatingStickies,ljtyzhr/FloatingStickies,879,0,0,0,0,0,0,13,-376,1,[13]
659,yahtzee4android,tonyandrys/android-yahtzee,1561,0,0,0,0,0,0.0,22,41,1,[22]
660,ohmcalc,sli/ohmcalc,0,0,0,0,0,0,0.0,0,0,0,[]
661,secdroid,x942/secdroid,0,0,0,0,0,0,0.0,0,0,0,[]
662,NFC-Key,/mateusz-szafraniec/NFC-Key,0,0,0,0,0,0,0.0,0,0,0,[]
663,beepme,yourEXP/beepme,0,0,0,0,0,0,0.0,0,0,0,[]